Workbook

Sheet Read me
A1: Vehicle Demand Planning Model (dummy data)
A2: All figures in this file are invented for demonstration. They are not Alghanim Motors data.
A4: How to use
A5: 1. Blue text = values you type. Black text = formulas, do not edit.
A6: 2. Each sheet is one table. One row = one fact. Add rows at the bottom of a table to extend it.
A7: 3. Do not type arrivals anywhere. Arrivals are calculated from the Orders sheet.
A9: Sheets
A10: Settings: one row per trim. Target stock cover (months) and standard lead time (months).
A11: Opening Stock: stock on hand per trim at the start of the plan (start of Nov-2026).
A12: Sales: units per trim per month. Type = Actual for completed months, Forecast for future months.
A13: Forecast runs to Jan-2028 so the 3-month forward cover can be calculated for the last plan month (Oct-2027).
A14: Orders: every order already placed. Planned arrival = order month + standard lead time (formula).
... A45: Territory Trend: Oct-2026 order arriving early (Dec-2026 instead of Jan-2027).

Sheet Summary
A1: Summary - orders to place and stock cover
A2: Cover colours: red = below target, green = on target (up to +1 month), amber = more than 1 month above target. The first 3 months are frozen: orders placed now cannot arrive before then.
I3: Stock cover (months) by month
A4: Car line | B4: Trim | C4: Target | D4: ="Order to place in "&TEXT(Calculation!C4,"mmm-yyyy") -> Order to place in Nov-2026 | E4: Lowest cover before new orders land | F4: Cover when first new order lands | G4: Status | I4: =Calculation!C4 -> 46327 | J4: =Calculation!D4 -> 46357 | K4: =Calculation!E4 -> 46388 | L4: =Calculation!F4 -> 46419 | M4: =Calculation!G4 -> 46447 | N4: =Calculation!H4 -> 46478 | O4: =Calculation!I4 -> 46508 | P4: =Calculation!J4 -> 46539 | ... T4: =Calculation!N4 -> 46661
A5: =INDEX(Settings!$A$2:$A$100,1) -> Territory | B5: =Calculation!A6 -> Ambiente | C5: =Calculation!D6 -> 3 | D5: =Calculation!C15 -> 24 | E5: =MIN(Calculation!C14:INDEX(Calculation!C14:N14,Calculation!F6)) -> 2.8235294 | F5: =INDEX(Calculation!C14:N14,Calculation!F6+1) -> 3 | G5: =IF(F5>C5+1,"Excess stock: no new order needed",IF(E5<C5,"Short until new orders land","On target")) -> Short until new orders land | I5: =Calculation!C14 -> 2.8235294 | J5: =Calculation!D14 -> 2.8571429 | K5: =Calculation!E14 -> 2.9268293 | L5: =Calculation!F14 -> 3 | M5: =Calculation!G14 -> 3 | N5: =Calculation!H14 -> 3 | O5: =Calculation!I14 -> 3 | P5: =Calculation!J14 -> 3 | ... T5: =Calculation!N14 -> 3
A6: =INDEX(Settings!$A$2:$A$100,2) -> Territory | B6: =Calculation!A18 -> Trend | C6: =Calculation!D18 -> 3 | D6: =Calculation!C27 -> 0 | E6: =MIN(Calculation!C26:INDEX(Calculation!C26:N26,Calculation!F18)) -> 5.2941176 | F6: =INDEX(Calculation!C26:N26,Calculation!F18+1) -> 4.8932039 | G6: =IF(F6>C6+1,"Excess stock: no new order needed",IF(E6<C6,"Short until new orders land","On target")) -> Excess stock: no new order needed | I6: =Calculation!C26 -> 5.2941176 | J6: =Calculation!D26 -> 6.3333333 | K6: =Calculation!E26 -> 5.5752212 | L6: =Calculation!F26 -> 4.8932039 | M6: =Calculation!G26 -> 4.1935484 | N6: =Calculation!H26 -> 3.3837209 | O6: =Calculation!I26 -> 3 | P6: =Calculation!J26 -> 3 | ... T6: =Calculation!N26 -> 3
A7: =INDEX(Settings!$A$2:$A$100,3) -> Territory | B7: =Calculation!A30 -> Titanium | C7: =Calculation!D30 -> 3 | D7: =Calculation!C39 -> 78 | E7: =MIN(Calculation!C38:INDEX(Calculation!C38:N38,Calculation!F30)) -> 1.2857143 | F7: =INDEX(Calculation!C38:N38,Calculation!F30+1) -> 3 | G7: =IF(F7>C7+1,"Excess stock: no new order needed",IF(E7<C7,"Short until new orders land","On target")) -> Short until new orders land | I7: =Calculation!C38 -> 1.9852941 | J7: =Calculation!D38 -> 2.0149254 | K7: =Calculation!E38 -> 1.2857143 | L7: =Calculation!F38 -> 3 | M7: =Calculation!G38 -> 3 | N7: =Calculation!H38 -> 3 | O7: =Calculation!I38 -> 3 | P7: =Calculation!J38 -> 3 | ... T7: =Calculation!N38 -> 3
A8: =INDEX(Settings!$A$2:$A$100,4) -> Bronco | B8: =Calculation!A42 -> Big Bend 2-door | C8: =Calculation!D42 -> 2 | D8: =Calculation!C51 -> 5 | E8: =MIN(Calculation!C50:INDEX(Calculation!C50:N50,Calculation!F42)) -> 2.1 | F8: =INDEX(Calculation!C50:N50,Calculation!F42+1) -> 2 | G8: =IF(F8>C8+1,"Excess stock: no new order needed",IF(E8<C8,"Short until new orders land","On target")) -> On target | I8: =Calculation!C50 -> 2.1 | J8: =Calculation!D50 -> 2.1 | K8: =Calculation!E50 -> 2.1 | L8: =Calculation!F50 -> 2 | M8: =Calculation!G50 -> 2.0625 | N8: =Calculation!H50 -> 2.1428571 | O8: =Calculation!I50 -> 2.1428571 | P8: =Calculation!J50 -> 2 | ... T8: =Calculation!N50 -> 2.0526316
A9: =INDEX(Settings!$A$2:$A$100,5) -> Bronco | B9: =Calculation!A54 -> Big Bend 4-door | C9: =Calculation!D54 -> 2 | D9: =Calculation!C63 -> 7 | E9: =MIN(Calculation!C62:INDEX(Calculation!C62:N62,Calculation!F54)) -> 2.2058824 | F9: =INDEX(Calculation!C62:N62,Calculation!F54+1) -> 2 | G9: =IF(F9>C9+1,"Excess stock: no new order needed",IF(E9<C9,"Short until new orders land","On target")) -> On target | I9: =Calculation!C62 -> 2.2058824 | J9: =Calculation!D62 -> 2.2727273 | K9: =Calculation!E62 -> 2.2727273 | L9: =Calculation!F62 -> 2 | M9: =Calculation!G62 -> 2 | N9: =Calculation!H62 -> 2.04 | O9: =Calculation!I62 -> 2 | P9: =Calculation!J62 -> 2.0769231 | ... T9: =Calculation!N62 -> 2.0625
A10: =INDEX(Settings!$A$2:$A$100,6) -> Bronco | B10: =Calculation!A66 -> Outer Banks | C10: =Calculation!D66 -> 2 | D10: =Calculation!C75 -> 7 | E10: =MIN(Calculation!C74:INDEX(Calculation!C74:N74,Calculation!F66)) -> 2.1111111 | F10: =INDEX(Calculation!C74:N74,Calculation!F66+1) -> 2 | G10: =IF(F10>C10+1,"Excess stock: no new order needed",IF(E10<C10,"Short until new orders land","On target")) -> On target | I10: =Calculation!C74 -> 2.1111111 | J10: =Calculation!D74 -> 2.1111111 | K10: =Calculation!E74 -> 2.1111111 | L10: =Calculation!F74 -> 2 | M10: =Calculation!G74 -> 2 | N10: =Calculation!H74 -> 2.0526316 | O10: =Calculation!I74 -> 2 | P10: =Calculation!J74 -> 2.1 | ... T10: =Calculation!N74 -> 2.04
A11: =INDEX(Settings!$A$2:$A$100,7) -> Bronco | B11: =Calculation!A78 -> Badlands | C11: =Calculation!D78 -> 2 | D11: =Calculation!C87 -> 5 | E11: =MIN(Calculation!C86:INDEX(Calculation!C86:N86,Calculation!F78)) -> 1.5652174 | F11: =INDEX(Calculation!C86:N86,Calculation!F78+1) -> 2 | G11: =IF(F11>C11+1,"Excess stock: no new order needed",IF(E11<C11,"Short until new orders land","On target")) -> Short until new orders land | I11: =Calculation!C86 -> 1.5652174 | J11: =Calculation!D86 -> 1.5652174 | K11: =Calculation!E86 -> 2.2173913 | L11: =Calculation!F86 -> 2 | M11: =Calculation!G86 -> 2.0526316 | N11: =Calculation!H86 -> 2.1176471 | O11: =Calculation!I86 -> 2.1176471 | P11: =Calculation!J86 -> 2 | ... T11: =Calculation!N86 -> 2.0454545
A12: =INDEX(Settings!$A$2:$A$100,8) -> Bronco | B12: =Calculation!A90 -> Wildtrak | C12: =Calculation!D90 -> 2 | D12: =Calculation!C99 -> 9 | E12: =MIN(Calculation!C98:INDEX(Calculation!C98:N98,Calculation!F90)) -> 0.92307692 | F12: =INDEX(Calculation!C98:N98,Calculation!F90+1) -> 2 | G12: =IF(F12>C12+1,"Excess stock: no new order needed",IF(E12<C12,"Short until new orders land","On target")) -> Short until new orders land | I12: =Calculation!C98 -> 1.9285714 | J12: =Calculation!D98 -> 0.92307692 | K12: =Calculation!E98 -> 0.92307692 | L12: =Calculation!F98 -> 2 | M12: =Calculation!G98 -> 2.4545455 | N12: =Calculation!H98 -> 2.1 | O12: =Calculation!I98 -> 2 | P12: =Calculation!J98 -> 2.1 | ... T12: =Calculation!N98 -> 2.0769231
A15: Why these orders
A16: Order now = what the first reachable month sells + what it is short of target stock (less if it has extra).
A17: =B5 -> Ambiente | B17: =Plan!B12 -> Feb-27 sells 30 and has 6 extra (it starts with 80 cars, and the 3 months after it need 74). Order 30 - 6 = 24 now.
A18: =B6 -> Trend | B18: =Plan!B20 -> Feb-27 sells 42 and has 107 extra (it starts with 210 cars, and the 3 months after it need 103). The extra covers its sales, so no order is needed now.
A19: =B7 -> Titanium | B19: =Plan!B28 -> Feb-27 sells 24 and is 54 short (it starts with 45 cars, and the 3 months after it need 99). Order 24 + 54 = 78 now.
A20: =B8 -> Big Bend 2-door | B20: =Plan!B36 -> Feb-27 sells 7 and has 2 extra (it starts with 14 cars, and the 3 months after it need 12). Order 7 - 2 = 5 now.
A21: =B9 -> Big Bend 4-door | B21: =Plan!B44 -> Feb-27 sells 12 and has 5 extra (it starts with 25 cars, and the 3 months after it need 20). Order 12 - 5 = 7 now.
A22: =B10 -> Outer Banks | B22: =Plan!B52 -> Feb-27 sells 10 and has 3 extra (it starts with 19 cars, and the 3 months after it need 16). Order 10 - 3 = 7 now.
A23: =B11 -> Badlands | B23: =Plan!B60 -> Feb-27 sells 8 and has 3 extra (it starts with 17 cars, and the 3 months after it need 14). Order 8 - 3 = 5 now.
A24: =B12 -> Wildtrak | B24: =Plan!B68 -> Feb-27 sells 5 and is 4 short (it starts with 4 cars, and the 3 months after it need 8). Order 5 + 4 = 9 now.

Sheet Plan
B1: Demand Plan
B2: Green = suggested by the tool. Grey arrivals = already fixed by earlier orders. Stock cover: red below target, green on target, amber more than 1 month above.
B3: Month no. | C3: 1 | D3: 2 | E3: 3 | F3: 4 | G3: 5 | H3: 6 | I3: 7 | J3: 8 | K3: 9 | L3: 10 | M3: 11 | N3: 12
B4: Month | C4: =Calculation!C4 -> 46327 | D4: =Calculation!D4 -> 46357 | E4: =Calculation!E4 -> 46388 | F4: =Calculation!F4 -> 46419 | G4: =Calculation!G4 -> 46447 | H4: =Calculation!H4 -> 46478 | I4: =Calculation!I4 -> 46508 | J4: =Calculation!J4 -> 46539 | ... N4: =Calculation!N4 -> 46661
B6: =Calculation!B6 -> Territory - Ambiente | C6: Target: | D6: =Calculation!D6 -> 3 | E6: Lead: | F6: =Calculation!F6 -> 3
B7: Order | C7: =IF(AND(Calculation!C15="",Calculation!C16=0),"",Calculation!C16+N(Calculation!C15)) -> 24 | D7: =IF(AND(Calculation!D15="",Calculation!D16=0),"",Calculation!D16+N(Calculation!D15)) -> 20 | E7: =IF(AND(Calculation!E15="",Calculation!E16=0),"",Calculation!E16+N(Calculation!E15)) -> 19 | F7: =IF(AND(Calculation!F15="",Calculation!F16=0),"",Calculation!F16+N(Calculation!F15)) -> 20 | G7: =IF(AND(Calculation!G15="",Calculation!G16=0),"",Calculation!G16+N(Calculation!G15)) -> 24 | H7: =IF(AND(Calculation!H15="",Calculation!H16=0),"",Calculation!H16+N(Calculation!H15)) -> 25 | I7: =IF(AND(Calculation!I15="",Calculation!I16=0),"",Calculation!I16+N(Calculation!I15)) -> 25 | J7: =IF(AND(Calculation!J15="",Calculation!J16=0),"",Calculation!J16+N(Calculation!J15)) -> 29 | ... N7: =IF(AND(Calculation!N15="",Calculation!N16=0),"",Calculation!N16+N(Calculation!N15))
B8: Arrival | C8: =Calculation!C8+Calculation!C9 -> 25 | D8: =Calculation!D8+Calculation!D9 -> 29 | E8: =Calculation!E8+Calculation!E9 -> 26 | F8: =Calculation!F8+Calculation!F9 -> 24 | G8: =Calculation!G8+Calculation!G9 -> 20 | H8: =Calculation!H8+Calculation!H9 -> 19 | I8: =Calculation!I8+Calculation!I9 -> 20 | J8: =Calculation!J8+Calculation!J9 -> 24 | ... N8: =Calculation!N8+Calculation!N9 -> 26
B9: Sales | C9: =Calculation!C10 -> 25 | D9: =Calculation!D10 -> 29 | E9: =Calculation!E10 -> 26 | F9: =Calculation!F10 -> 30 | G9: =Calculation!G10 -> 28 | H9: =Calculation!H10 -> 24 | I9: =Calculation!I10 -> 22 | J9: =Calculation!J10 -> 20 | ... N9: =Calculation!N10 -> 25
B10: Closing stock | C10: =Calculation!C11 -> 80 | D10: =Calculation!D11 -> 80 | E10: =Calculation!E11 -> 80 | F10: =Calculation!F11 -> 74 | G10: =Calculation!G11 -> 66 | H10: =Calculation!H11 -> 61 | I10: =Calculation!I11 -> 59 | J10: =Calculation!J11 -> 63 | ... N10: =Calculation!N11 -> 80
B11: Stock cover (months) | C11: =Calculation!C14 -> 2.8235294 | D11: =Calculation!D14 -> 2.8571429 | E11: =Calculation!E14 -> 2.9268293 | F11: =Calculation!F14 -> 3 | G11: =Calculation!G14 -> 3 | H11: =Calculation!H14 -> 3 | I11: =Calculation!I14 -> 3 | J11: =Calculation!J14 -> 3 | ... N11: =Calculation!N14 -> 3
B12: =TEXT(INDEX(Calculation!$C$4:$N$4,$F$6+1),"mmm-yy")&" sells "&INDEX(Calculation!$C$10:$N$10,$F$6+1)&IF(INDEX(Calculation!$C$9:$N$9,$F$6+1)>0,IF(INDEX(Calculation!$C$9:$N$9,$F$6+1)>=INDEX(Calculation!$C$10:$N$10,$F$6+1)," and is "&(INDEX(Calculation!$C$9:$N$9,$F$6+1)-INDEX(Calculation!$C$10:$N$10,$F$6+1))&" short"&" (it starts with "&(INDEX(Calculation!$C$7:$N$7,$F$6+1)+INDEX(Calculation!$C$8:$N$8,$F$6+1))&" cars, and the 3 months after it need "&ROUNDUP(INDEX(Calculation!$C$13:$N$13,$F$6+1),0)&")."&" Order "&INDEX(Calculation!$C$10:$N$10,$F$6+1)&" + "&(INDEX(Calculation!$C$9:$N$9,$F$6+1)-INDEX(Calculation!$C$10:$N$10,$F$6+1))&" = "&INDEX(Calculation!$C$9:$N$9,$F$6+1)&" now."," and has "&(INDEX(Calculation!$C$10:$N$10,$F$6+1)-INDEX(Calculation!$C$9:$N$9,$F$6+1))&" extra"&" (it starts with "&(INDEX(Calculation!$C$7:$N$7,$F$6+1)+INDEX(Calculation!$C$8:$N$8,$F$6+1))&" cars, and the 3 months after it need "&ROUNDUP(INDEX(Calculation!$C$13:$N$13,$F$6+1),0)&")."&" Order "&INDEX(Calculation!$C$10:$N$10,$F$6+1)&" - "&(INDEX(Calculation!$C$10:$N$10,$F$6+1)-INDEX(Calculation!$C$9:$N$9,$F$6+1))&" = "&INDEX(Calculation!$C$9:$N$9,$F$6+1)&" now.")," and has "&((INDEX(Calculation!$C$7:$N$7,$F$6+1)+INDEX(Calculation!$C$8:$N$8,$F$6+1))-ROUNDUP(INDEX(Calculation!$C$13:$N$13,$F$6+1),0))&" extra"&" (it starts with "&(INDEX(Calculation!$C$7:$N$7,$F$6+1)+INDEX(Calculation!$C$8:$N$8,$F$6+1))&" cars, and the 3 months after it need "&ROUNDUP(INDEX(Calculation!$C$13:$N$13,$F$6+1),0)&")."&" The extra covers its sales, so no order is needed now.") -> Feb-27 sells 30 and has 6 extra (it starts with 80 cars, and the 3 months after it need 74). Order 30 - 6 = 24 now.
B14: =Calculation!B18 -> Territory - Trend | C14: Target: | D14: =Calculation!D18 -> 3 | E14: Lead: | F14: =Calculation!F18 -> 3
B15: Order | C15: =IF(AND(Calculation!C27="",Calculation!C28=0),"",Calculation!C28+N(Calculation!C27)) -> 0 | D15: =IF(AND(Calculation!D27="",Calculation!D28=0),"",Calculation!D28+N(Calculation!D27)) -> 0 | E15: =IF(AND(Calculation!E27="",Calculation!E28=0),"",Calculation!E28+N(Calculation!E27)) -> 0 | F15: =IF(AND(Calculation!F27="",Calculation!F28=0),"",Calculation!F28+N(Calculation!F27)) -> 17 | G15: =IF(AND(Calculation!G27="",Calculation!G28=0),"",Calculation!G28+N(Calculation!G27)) -> 33 | H15: =IF(AND(Calculation!H27="",Calculation!H28=0),"",Calculation!H28+N(Calculation!H27)) -> 35 | I15: =IF(AND(Calculation!I27="",Calculation!I28=0),"",Calculation!I28+N(Calculation!I27)) -> 35 | J15: =IF(AND(Calculation!J27="",Calculation!J28=0),"",Calculation!J28+N(Calculation!J27)) -> 40 | ... N15: =IF(AND(Calculation!N27="",Calculation!N28=0),"",Calculation!N28+N(Calculation!N27))
B16: Arrival | C16: =Calculation!C20+Calculation!C21 -> 35 | D16: =Calculation!D20+Calculation!D21 -> 77 | E16: =Calculation!E20+Calculation!E21 -> 0 | F16: =Calculation!F20+Calculation!F21 -> 0 | G16: =Calculation!G20+Calculation!G21 -> 0 | H16: =Calculation!H20+Calculation!H21 -> 0 | I16: =Calculation!I20+Calculation!I21 -> 17 | J16: =Calculation!J20+Calculation!J21 -> 33 | ... N16: =Calculation!N20+Calculation!N21 -> 37
B17: Sales | C17: =Calculation!C22 -> 35 | D17: =Calculation!D22 -> 40 | E17: =Calculation!E22 -> 37 | F17: =Calculation!F22 -> 42 | G17: =Calculation!G22 -> 38 | H17: =Calculation!H22 -> 33 | I17: =Calculation!I22 -> 32 | J17: =Calculation!J22 -> 28 | ... N17: =Calculation!N22 -> 35
B18: Closing stock | C18: =Calculation!C23 -> 210 | D18: =Calculation!D23 -> 247 | E18: =Calculation!E23 -> 210 | F18: =Calculation!F23 -> 168 | G18: =Calculation!G23 -> 130 | H18: =Calculation!H23 -> 97 | I18: =Calculation!I23 -> 82 | J18: =Calculation!J23 -> 87 | ... N18: =Calculation!N23 -> 112
B19: Stock cover (months) | C19: =Calculation!C26 -> 5.2941176 | D19: =Calculation!D26 -> 6.3333333 | E19: =Calculation!E26 -> 5.5752212 | F19: =Calculation!F26 -> 4.8932039 | G19: =Calculation!G26 -> 4.1935484 | H19: =Calculation!H26 -> 3.3837209 | I19: =Calculation!I26 -> 3 | J19: =Calculation!J26 -> 3 | ... N19: =Calculation!N26 -> 3
B20: =TEXT(INDEX(Calculation!$C$4:$N$4,$F$14+1),"mmm-yy")&" sells "&INDEX(Calculation!$C$22:$N$22,$F$14+1)&IF(INDEX(Calculation!$C$21:$N$21,$F$14+1)>0,IF(INDEX(Calculation!$C$21:$N$21,$F$14+1)>=INDEX(Calculation!$C$22:$N$22,$F$14+1)," and is "&(INDEX(Calculation!$C$21:$N$21,$F$14+1)-INDEX(Calculation!$C$22:$N$22,$F$14+1))&" short"&" (it starts with "&(INDEX(Calculation!$C$19:$N$19,$F$14+1)+INDEX(Calculation!$C$20:$N$20,$F$14+1))&" cars, and the 3 months after it need "&ROUNDUP(INDEX(Calculation!$C$25:$N$25,$F$14+1),0)&")."&" Order "&INDEX(Calculation!$C$22:$N$22,$F$14+1)&" + "&(INDEX(Calculation!$C$21:$N$21,$F$14+1)-INDEX(Calculation!$C$22:$N$22,$F$14+1))&" = "&INDEX(Calculation!$C$21:$N$21,$F$14+1)&" now."," and has "&(INDEX(Calculation!$C$22:$N$22,$F$14+1)-INDEX(Calculation!$C$21:$N$21,$F$14+1))&" extra"&" (it starts with "&(INDEX(Calculation!$C$19:$N$19,$F$14+1)+INDEX(Calculation!$C$20:$N$20,$F$14+1))&" cars, and the 3 months after it need "&ROUNDUP(INDEX(Calculation!$C$25:$N$25,$F$14+1),0)&")."&" Order "&INDEX(Calculation!$C$22:$N$22,$F$14+1)&" - "&(INDEX(Calculation!$C$22:$N$22,$F$14+1)-INDEX(Calculation!$C$21:$N$21,$F$14+1))&" = "&INDEX(Calculation!$C$21:$N$21,$F$14+1)&" now.")," and has "&((INDEX(Calculation!$C$19:$N$19,$F$14+1)+INDEX(Calculation!$C$20:$N$20,$F$14+1))-ROUNDUP(INDEX(Calculation!$C$25:$N$25,$F$14+1),0))&" extra"&" (it starts with "&(INDEX(Calculation!$C$19:$N$19,$F$14+1)+INDEX(Calculation!$C$20:$N$20,$F$14+1))&" cars, and the 3 months after it need "&ROUNDUP(INDEX(Calculation!$C$25:$N$25,$F$14+1),0)&")."&" The extra covers its sales, so no order is needed now.") -> Feb-27 sells 42 and has 107 extra (it starts with 210 cars, and the 3 months after it need 103). The extra covers its sales, so no order is needed now.
B22: =Calculation!B30 -> Territory - Titanium | C22: Target: | D22: =Calculation!D30 -> 3 | E22: Lead: | F22: =Calculation!F30 -> 3
B23: Order | C23: =IF(AND(Calculation!C39="",Calculation!C40=0),"",Calculation!C40+N(Calculation!C39)) -> 78 | D23: =IF(AND(Calculation!D39="",Calculation!D40=0),"",Calculation!D40+N(Calculation!D39)) -> 16 | E23: =IF(AND(Calculation!E39="",Calculation!E40=0),"",Calculation!E40+N(Calculation!E39)) -> 15 | F23: =IF(AND(Calculation!F39="",Calculation!F40=0),"",Calculation!F40+N(Calculation!F39)) -> 16 | G23: =IF(AND(Calculation!G39="",Calculation!G40=0),"",Calculation!G40+N(Calculation!G39)) -> 19 | H23: =IF(AND(Calculation!H39="",Calculation!H40=0),"",Calculation!H40+N(Calculation!H39)) -> 20 | I23: =IF(AND(Calculation!I39="",Calculation!I40=0),"",Calculation!I40+N(Calculation!I39)) -> 20 | J23: =IF(AND(Calculation!J39="",Calculation!J40=0),"",Calculation!J40+N(Calculation!J39)) -> 23 | ... N23: =IF(AND(Calculation!N39="",Calculation!N40=0),"",Calculation!N40+N(Calculation!N39))
B24: Arrival | C24: =Calculation!C32+Calculation!C33 -> 20 | D24: =Calculation!D32+Calculation!D33 -> 23 | E24: =Calculation!E32+Calculation!E33 -> 21 | F24: =Calculation!F32+Calculation!F33 -> 78 | G24: =Calculation!G32+Calculation!G33 -> 16 | H24: =Calculation!H32+Calculation!H33 -> 15 | I24: =Calculation!I32+Calculation!I33 -> 16 | J24: =Calculation!J32+Calculation!J33 -> 19 | ... N24: =Calculation!N32+Calculation!N33 -> 21
B25: Sales | C25: =Calculation!C34 -> 20 | D25: =Calculation!D34 -> 23 | E25: =Calculation!E34 -> 21 | F25: =Calculation!F34 -> 24 | G25: =Calculation!G34 -> 22 | H25: =Calculation!H34 -> 59 | I25: =Calculation!I34 -> 18 | J25: =Calculation!J34 -> 16 | ... N25: =Calculation!N34 -> 20
B26: Closing stock | C26: =Calculation!C35 -> 45 | D26: =Calculation!D35 -> 45 | E26: =Calculation!E35 -> 45 | F26: =Calculation!F35 -> 99 | G26: =Calculation!G35 -> 93 | H26: =Calculation!H35 -> 49 | I26: =Calculation!I35 -> 47 | J26: =Calculation!J35 -> 50 | ... N26: =Calculation!N35 -> 64
B27: Stock cover (months) | C27: =Calculation!C38 -> 1.9852941 | D27: =Calculation!D38 -> 2.0149254 | E27: =Calculation!E38 -> 1.2857143 | F27: =Calculation!F38 -> 3 | G27: =Calculation!G38 -> 3 | H27: =Calculation!H38 -> 3 | I27: =Calculation!I38 -> 3 | J27: =Calculation!J38 -> 3 | ... N27: =Calculation!N38 -> 3
B28: =TEXT(INDEX(Calculation!$C$4:$N$4,$F$22+1),"mmm-yy")&" sells "&INDEX(Calculation!$C$34:$N$34,$F$22+1)&IF(INDEX(Calculation!$C$33:$N$33,$F$22+1)>0,IF(INDEX(Calculation!$C$33:$N$33,$F$22+1)>=INDEX(Calculation!$C$34:$N$34,$F$22+1)," and is "&(INDEX(Calculation!$C$33:$N$33,$F$22+1)-INDEX(Calculation!$C$34:$N$34,$F$22+1))&" short"&" (it starts with "&(INDEX(Calculation!$C$31:$N$31,$F$22+1)+INDEX(Calculation!$C$32:$N$32,$F$22+1))&" cars, and the 3 months after it need "&ROUNDUP(INDEX(Calculation!$C$37:$N$37,$F$22+1),0)&")."&" Order "&INDEX(Calculation!$C$34:$N$34,$F$22+1)&" + "&(INDEX(Calculation!$C$33:$N$33,$F$22+1)-INDEX(Calculation!$C$34:$N$34,$F$22+1))&" = "&INDEX(Calculation!$C$33:$N$33,$F$22+1)&" now."," and has "&(INDEX(Calculation!$C$34:$N$34,$F$22+1)-INDEX(Calculation!$C$33:$N$33,$F$22+1))&" extra"&" (it starts with "&(INDEX(Calculation!$C$31:$N$31,$F$22+1)+INDEX(Calculation!$C$32:$N$32,$F$22+1))&" cars, and the 3 months after it need "&ROUNDUP(INDEX(Calculation!$C$37:$N$37,$F$22+1),0)&")."&" Order "&INDEX(Calculation!$C$34:$N$34,$F$22+1)&" - "&(INDEX(Calculation!$C$34:$N$34,$F$22+1)-INDEX(Calculation!$C$33:$N$33,$F$22+1))&" = "&INDEX(Calculation!$C$33:$N$33,$F$22+1)&" now.")," and has "&((INDEX(Calculation!$C$31:$N$31,$F$22+1)+INDEX(Calculation!$C$32:$N$32,$F$22+1))-ROUNDUP(INDEX(Calculation!$C$37:$N$37,$F$22+1),0))&" extra"&" (it starts with "&(INDEX(Calculation!$C$31:$N$31,$F$22+1)+INDEX(Calculation!$C$32:$N$32,$F$22+1))&" cars, and the 3 months after it need "&ROUNDUP(INDEX(Calculation!$C$37:$N$37,$F$22+1),0)&")."&" The extra covers its sales, so no order is needed now.") -> Feb-27 sells 24 and is 54 short (it starts with 45 cars, and the 3 months after it need 99). Order 24 + 54 = 78 now.
B30: =Calculation!B42 -> Bronco - Big Bend 2-door | C30: Target: | D30: =Calculation!D42 -> 2 | E30: Lead: | F30: =Calculation!F42 -> 3
B31: Order | C31: =IF(AND(Calculation!C51="",Calculation!C52=0),"",Calculation!C52+N(Calculation!C51)) -> 5 | D31: =IF(AND(Calculation!D51="",Calculation!D52=0),"",Calculation!D52+N(Calculation!D51)) -> 6 | E31: =IF(AND(Calculation!E51="",Calculation!E52=0),"",Calculation!E52+N(Calculation!E51)) -> 5 | F31: =IF(AND(Calculation!F51="",Calculation!F52=0),"",Calculation!F52+N(Calculation!F51)) -> 5 | G31: =IF(AND(Calculation!G51="",Calculation!G52=0),"",Calculation!G52+N(Calculation!G51)) -> 5 | H31: =IF(AND(Calculation!H51="",Calculation!H52=0),"",Calculation!H52+N(Calculation!H51)) -> 6 | I31: =IF(AND(Calculation!I51="",Calculation!I52=0),"",Calculation!I52+N(Calculation!I51)) -> 5 | J31: =IF(AND(Calculation!J51="",Calculation!J52=0),"",Calculation!J52+N(Calculation!J51)) -> 7 | ... N31: =IF(AND(Calculation!N51="",Calculation!N52=0),"",Calculation!N52+N(Calculation!N51))
B32: Arrival | C32: =Calculation!C44+Calculation!C45 -> 6 | D32: =Calculation!D44+Calculation!D45 -> 7 | E32: =Calculation!E44+Calculation!E45 -> 6 | F32: =Calculation!F44+Calculation!F45 -> 5 | G32: =Calculation!G44+Calculation!G45 -> 6 | H32: =Calculation!H44+Calculation!H45 -> 5 | I32: =Calculation!I44+Calculation!I45 -> 5 | J32: =Calculation!J44+Calculation!J45 -> 5 | ... N32: =Calculation!N44+Calculation!N45 -> 6
B33: Sales | C33: =Calculation!C46 -> 6 | D33: =Calculation!D46 -> 7 | E33: =Calculation!E46 -> 6 | F33: =Calculation!F46 -> 7 | G33: =Calculation!G46 -> 7 | H33: =Calculation!H46 -> 6 | I33: =Calculation!I46 -> 5 | J33: =Calculation!J46 -> 5 | ... N33: =Calculation!N46 -> 6
B34: Closing stock | C34: =Calculation!C47 -> 14 | D34: =Calculation!D47 -> 14 | E34: =Calculation!E47 -> 14 | F34: =Calculation!F47 -> 12 | G34: =Calculation!G47 -> 11 | H34: =Calculation!H47 -> 10 | I34: =Calculation!I47 -> 10 | J34: =Calculation!J47 -> 10 | ... N34: =Calculation!N47 -> 13
B35: Stock cover (months) | C35: =Calculation!C50 -> 2.1 | D35: =Calculation!D50 -> 2.1 | E35: =Calculation!E50 -> 2.1 | F35: =Calculation!F50 -> 2 | G35: =Calculation!G50 -> 2.0625 | H35: =Calculation!H50 -> 2.1428571 | I35: =Calculation!I50 -> 2.1428571 | J35: =Calculation!J50 -> 2 | ... N35: =Calculation!N50 -> 2.0526316
B36: =TEXT(INDEX(Calculation!$C$4:$N$4,$F$30+1),"mmm-yy")&" sells "&INDEX(Calculation!$C$46:$N$46,$F$30+1)&IF(INDEX(Calculation!$C$45:$N$45,$F$30+1)>0,IF(INDEX(Calculation!$C$45:$N$45,$F$30+1)>=INDEX(Calculation!$C$46:$N$46,$F$30+1)," and is "&(INDEX(Calculation!$C$45:$N$45,$F$30+1)-INDEX(Calculation!$C$46:$N$46,$F$30+1))&" short"&" (it starts with "&(INDEX(Calculation!$C$43:$N$43,$F$30+1)+INDEX(Calculation!$C$44:$N$44,$F$30+1))&" cars, and the 3 months after it need "&ROUNDUP(INDEX(Calculation!$C$49:$N$49,$F$30+1),0)&")."&" Order "&INDEX(Calculation!$C$46:$N$46,$F$30+1)&" + "&(INDEX(Calculation!$C$45:$N$45,$F$30+1)-INDEX(Calculation!$C$46:$N$46,$F$30+1))&" = "&INDEX(Calculation!$C$45:$N$45,$F$30+1)&" now."," and has "&(INDEX(Calculation!$C$46:$N$46,$F$30+1)-INDEX(Calculation!$C$45:$N$45,$F$30+1))&" extra"&" (it starts with "&(INDEX(Calculation!$C$43:$N$43,$F$30+1)+INDEX(Calculation!$C$44:$N$44,$F$30+1))&" cars, and the 3 months after it need "&ROUNDUP(INDEX(Calculation!$C$49:$N$49,$F$30+1),0)&")."&" Order "&INDEX(Calculation!$C$46:$N$46,$F$30+1)&" - "&(INDEX(Calculation!$C$46:$N$46,$F$30+1)-INDEX(Calculation!$C$45:$N$45,$F$30+1))&" = "&INDEX(Calculation!$C$45:$N$45,$F$30+1)&" now.")," and has "&((INDEX(Calculation!$C$43:$N$43,$F$30+1)+INDEX(Calculation!$C$44:$N$44,$F$30+1))-ROUNDUP(INDEX(Calculation!$C$49:$N$49,$F$30+1),0))&" extra"&" (it starts with "&(INDEX(Calculation!$C$43:$N$43,$F$30+1)+INDEX(Calculation!$C$44:$N$44,$F$30+1))&" cars, and the 3 months after it need "&ROUNDUP(INDEX(Calculation!$C$49:$N$49,$F$30+1),0)&")."&" The extra covers its sales, so no order is needed now.") -> Feb-27 sells 7 and has 2 extra (it starts with 14 cars, and the 3 months after it need 12). Order 7 - 2 = 5 now.
B38: =Calculation!B54 -> Bronco - Big Bend 4-door | C38: Target: | D38: =Calculation!D54 -> 2 | E38: Lead: | F38: =Calculation!F54 -> 3
B39: Order | C39: =IF(AND(Calculation!C63="",Calculation!C64=0),"",Calculation!C64+N(Calculation!C63)) -> 7 | D39: =IF(AND(Calculation!D63="",Calculation!D64=0),"",Calculation!D64+N(Calculation!D63)) -> 9 | E39: =IF(AND(Calculation!E63="",Calculation!E64=0),"",Calculation!E64+N(Calculation!E63)) -> 9 | F39: =IF(AND(Calculation!F63="",Calculation!F64=0),"",Calculation!F64+N(Calculation!F63)) -> 8 | G39: =IF(AND(Calculation!G63="",Calculation!G64=0),"",Calculation!G64+N(Calculation!G63)) -> 10 | H39: =IF(AND(Calculation!H63="",Calculation!H64=0),"",Calculation!H64+N(Calculation!H63)) -> 9 | I39: =IF(AND(Calculation!I63="",Calculation!I64=0),"",Calculation!I64+N(Calculation!I63)) -> 9 | J39: =IF(AND(Calculation!J63="",Calculation!J64=0),"",Calculation!J64+N(Calculation!J63)) -> 12 | ... N39: =IF(AND(Calculation!N63="",Calculation!N64=0),"",Calculation!N64+N(Calculation!N63))
B40: Arrival | C40: =Calculation!C56+Calculation!C57 -> 10 | D40: =Calculation!D56+Calculation!D57 -> 12 | E40: =Calculation!E56+Calculation!E57 -> 10 | F40: =Calculation!F56+Calculation!F57 -> 7 | G40: =Calculation!G56+Calculation!G57 -> 9 | H40: =Calculation!H56+Calculation!H57 -> 9 | I40: =Calculation!I56+Calculation!I57 -> 8 | J40: =Calculation!J56+Calculation!J57 -> 10 | ... N40: =Calculation!N56+Calculation!N57 -> 10
B41: Sales | C41: =Calculation!C58 -> 10 | D41: =Calculation!D58 -> 12 | E41: =Calculation!E58 -> 10 | F41: =Calculation!F58 -> 12 | G41: =Calculation!G58 -> 11 | H41: =Calculation!H58 -> 10 | I41: =Calculation!I58 -> 9 | J41: =Calculation!J58 -> 8 | ... N41: =Calculation!N58 -> 10
B42: Closing stock | C42: =Calculation!C59 -> 25 | D42: =Calculation!D59 -> 25 | E42: =Calculation!E59 -> 25 | F42: =Calculation!F59 -> 20 | G42: =Calculation!G59 -> 18 | H42: =Calculation!H59 -> 17 | I42: =Calculation!I59 -> 16 | J42: =Calculation!J59 -> 18 | ... N42: =Calculation!N59 -> 22
B43: Stock cover (months) | C43: =Calculation!C62 -> 2.2058824 | D43: =Calculation!D62 -> 2.2727273 | E43: =Calculation!E62 -> 2.2727273 | F43: =Calculation!F62 -> 2 | G43: =Calculation!G62 -> 2 | H43: =Calculation!H62 -> 2.04 | I43: =Calculation!I62 -> 2 | J43: =Calculation!J62 -> 2.0769231 | ... N43: =Calculation!N62 -> 2.0625
B44: =TEXT(INDEX(Calculation!$C$4:$N$4,$F$38+1),"mmm-yy")&" sells "&INDEX(Calculation!$C$58:$N$58,$F$38+1)&IF(INDEX(Calculation!$C$57:$N$57,$F$38+1)>0,IF(INDEX(Calculation!$C$57:$N$57,$F$38+1)>=INDEX(Calculation!$C$58:$N$58,$F$38+1)," and is "&(INDEX(Calculation!$C$57:$N$57,$F$38+1)-INDEX(Calculation!$C$58:$N$58,$F$38+1))&" short"&" (it starts with "&(INDEX(Calculation!$C$55:$N$55,$F$38+1)+INDEX(Calculation!$C$56:$N$56,$F$38+1))&" cars, and the 3 months after it need "&ROUNDUP(INDEX(Calculation!$C$61:$N$61,$F$38+1),0)&")."&" Order "&INDEX(Calculation!$C$58:$N$58,$F$38+1)&" + "&(INDEX(Calculation!$C$57:$N$57,$F$38+1)-INDEX(Calculation!$C$58:$N$58,$F$38+1))&" = "&INDEX(Calculation!$C$57:$N$57,$F$38+1)&" now."," and has "&(INDEX(Calculation!$C$58:$N$58,$F$38+1)-INDEX(Calculation!$C$57:$N$57,$F$38+1))&" extra"&" (it starts with "&(INDEX(Calculation!$C$55:$N$55,$F$38+1)+INDEX(Calculation!$C$56:$N$56,$F$38+1))&" cars, and the 3 months after it need "&ROUNDUP(INDEX(Calculation!$C$61:$N$61,$F$38+1),0)&")."&" Order "&INDEX(Calculation!$C$58:$N$58,$F$38+1)&" - "&(INDEX(Calculation!$C$58:$N$58,$F$38+1)-INDEX(Calculation!$C$57:$N$57,$F$38+1))&" = "&INDEX(Calculation!$C$57:$N$57,$F$38+1)&" now.")," and has "&((INDEX(Calculation!$C$55:$N$55,$F$38+1)+INDEX(Calculation!$C$56:$N$56,$F$38+1))-ROUNDUP(INDEX(Calculation!$C$61:$N$61,$F$38+1),0))&" extra"&" (it starts with "&(INDEX(Calculation!$C$55:$N$55,$F$38+1)+INDEX(Calculation!$C$56:$N$56,$F$38+1))&" cars, and the 3 months after it need "&ROUNDUP(INDEX(Calculation!$C$61:$N$61,$F$38+1),0)&")."&" The extra covers its sales, so no order is needed now.") -> Feb-27 sells 12 and has 5 extra (it starts with 25 cars, and the 3 months after it need 20). Order 12 - 5 = 7 now.
B46: =Calculation!B66 -> Bronco - Outer Banks | C46: Target: | D46: =Calculation!D66 -> 2 | E46: Lead: | F46: =Calculation!F66 -> 3
B47: Order | C47: =IF(AND(Calculation!C75="",Calculation!C76=0),"",Calculation!C76+N(Calculation!C75)) -> 7 | D47: =IF(AND(Calculation!D75="",Calculation!D76=0),"",Calculation!D76+N(Calculation!D75)) -> 7 | E47: =IF(AND(Calculation!E75="",Calculation!E76=0),"",Calculation!E76+N(Calculation!E75)) -> 7 | F47: =IF(AND(Calculation!F75="",Calculation!F76=0),"",Calculation!F76+N(Calculation!F75)) -> 6 | G47: =IF(AND(Calculation!G75="",Calculation!G76=0),"",Calculation!G76+N(Calculation!G75)) -> 8 | H47: =IF(AND(Calculation!H75="",Calculation!H76=0),"",Calculation!H76+N(Calculation!H75)) -> 7 | I47: =IF(AND(Calculation!I75="",Calculation!I76=0),"",Calculation!I76+N(Calculation!I75)) -> 7 | J47: =IF(AND(Calculation!J75="",Calculation!J76=0),"",Calculation!J76+N(Calculation!J75)) -> 9 | ... N47: =IF(AND(Calculation!N75="",Calculation!N76=0),"",Calculation!N76+N(Calculation!N75))
B48: Arrival | C48: =Calculation!C68+Calculation!C69 -> 8 | D48: =Calculation!D68+Calculation!D69 -> 9 | E48: =Calculation!E68+Calculation!E69 -> 8 | F48: =Calculation!F68+Calculation!F69 -> 7 | G48: =Calculation!G68+Calculation!G69 -> 7 | H48: =Calculation!H68+Calculation!H69 -> 7 | I48: =Calculation!I68+Calculation!I69 -> 6 | J48: =Calculation!J68+Calculation!J69 -> 8 | ... N48: =Calculation!N68+Calculation!N69 -> 8
B49: Sales | C49: =Calculation!C70 -> 8 | D49: =Calculation!D70 -> 9 | E49: =Calculation!E70 -> 8 | F49: =Calculation!F70 -> 10 | G49: =Calculation!G70 -> 9 | H49: =Calculation!H70 -> 8 | I49: =Calculation!I70 -> 7 | J49: =Calculation!J70 -> 6 | ... N49: =Calculation!N70 -> 8
B50: Closing stock | C50: =Calculation!C71 -> 19 | D50: =Calculation!D71 -> 19 | E50: =Calculation!E71 -> 19 | F50: =Calculation!F71 -> 16 | G50: =Calculation!G71 -> 14 | H50: =Calculation!H71 -> 13 | I50: =Calculation!I71 -> 12 | J50: =Calculation!J71 -> 14 | ... N50: =Calculation!N71 -> 17
B51: Stock cover (months) | C51: =Calculation!C74 -> 2.1111111 | D51: =Calculation!D74 -> 2.1111111 | E51: =Calculation!E74 -> 2.1111111 | F51: =Calculation!F74 -> 2 | G51: =Calculation!G74 -> 2 | H51: =Calculation!H74 -> 2.0526316 | I51: =Calculation!I74 -> 2 | J51: =Calculation!J74 -> 2.1 | ... N51: =Calculation!N74 -> 2.04
B52: =TEXT(INDEX(Calculation!$C$4:$N$4,$F$46+1),"mmm-yy")&" sells "&INDEX(Calculation!$C$70:$N$70,$F$46+1)&IF(INDEX(Calculation!$C$69:$N$69,$F$46+1)>0,IF(INDEX(Calculation!$C$69:$N$69,$F$46+1)>=INDEX(Calculation!$C$70:$N$70,$F$46+1)," and is "&(INDEX(Calculation!$C$69:$N$69,$F$46+1)-INDEX(Calculation!$C$70:$N$70,$F$46+1))&" short"&" (it starts with "&(INDEX(Calculation!$C$67:$N$67,$F$46+1)+INDEX(Calculation!$C$68:$N$68,$F$46+1))&" cars, and the 3 months after it need "&ROUNDUP(INDEX(Calculation!$C$73:$N$73,$F$46+1),0)&")."&" Order "&INDEX(Calculation!$C$70:$N$70,$F$46+1)&" + "&(INDEX(Calculation!$C$69:$N$69,$F$46+1)-INDEX(Calculation!$C$70:$N$70,$F$46+1))&" = "&INDEX(Calculation!$C$69:$N$69,$F$46+1)&" now."," and has "&(INDEX(Calculation!$C$70:$N$70,$F$46+1)-INDEX(Calculation!$C$69:$N$69,$F$46+1))&" extra"&" (it starts with "&(INDEX(Calculation!$C$67:$N$67,$F$46+1)+INDEX(Calculation!$C$68:$N$68,$F$46+1))&" cars, and the 3 months after it need "&ROUNDUP(INDEX(Calculation!$C$73:$N$73,$F$46+1),0)&")."&" Order "&INDEX(Calculation!$C$70:$N$70,$F$46+1)&" - "&(INDEX(Calculation!$C$70:$N$70,$F$46+1)-INDEX(Calculation!$C$69:$N$69,$F$46+1))&" = "&INDEX(Calculation!$C$69:$N$69,$F$46+1)&" now.")," and has "&((INDEX(Calculation!$C$67:$N$67,$F$46+1)+INDEX(Calculation!$C$68:$N$68,$F$46+1))-ROUNDUP(INDEX(Calculation!$C$73:$N$73,$F$46+1),0))&" extra"&" (it starts with "&(INDEX(Calculation!$C$67:$N$67,$F$46+1)+INDEX(Calculation!$C$68:$N$68,$F$46+1))&" cars, and the 3 months after it need "&ROUNDUP(INDEX(Calculation!$C$73:$N$73,$F$46+1),0)&")."&" The extra covers its sales, so no order is needed now.") -> Feb-27 sells 10 and has 3 extra (it starts with 19 cars, and the 3 months after it need 16). Order 10 - 3 = 7 now.
B54: =Calculation!B78 -> Bronco - Badlands | C54: Target: | D54: =Calculation!D78 -> 2 | E54: Lead: | F54: =Calculation!F78 -> 3
B55: Order | C55: =IF(AND(Calculation!C87="",Calculation!C88=0),"",Calculation!C88+N(Calculation!C87)) -> 5 | D55: =IF(AND(Calculation!D87="",Calculation!D88=0),"",Calculation!D88+N(Calculation!D87)) -> 7 | E55: =IF(AND(Calculation!E87="",Calculation!E88=0),"",Calculation!E88+N(Calculation!E87)) -> 6 | F55: =IF(AND(Calculation!F87="",Calculation!F88=0),"",Calculation!F88+N(Calculation!F87)) -> 6 | G55: =IF(AND(Calculation!G87="",Calculation!G88=0),"",Calculation!G88+N(Calculation!G87)) -> 6 | H55: =IF(AND(Calculation!H87="",Calculation!H88=0),"",Calculation!H88+N(Calculation!H87)) -> 7 | I55: =IF(AND(Calculation!I87="",Calculation!I88=0),"",Calculation!I88+N(Calculation!I87)) -> 6 | J55: =IF(AND(Calculation!J87="",Calculation!J88=0),"",Calculation!J88+N(Calculation!J87)) -> 8 | ... N55: =IF(AND(Calculation!N87="",Calculation!N88=0),"",Calculation!N88+N(Calculation!N87))
B56: Arrival | C56: =Calculation!C80+Calculation!C81 -> 10 | D56: =Calculation!D80+Calculation!D81 -> 8 | E56: =Calculation!E80+Calculation!E81 -> 12 | F56: =Calculation!F80+Calculation!F81 -> 5 | G56: =Calculation!G80+Calculation!G81 -> 7 | H56: =Calculation!H80+Calculation!H81 -> 6 | I56: =Calculation!I80+Calculation!I81 -> 6 | J56: =Calculation!J80+Calculation!J81 -> 6 | ... N56: =Calculation!N80+Calculation!N81 -> 7
B57: Sales | C57: =Calculation!C82 -> 7 | D57: =Calculation!D82 -> 8 | E57: =Calculation!E82 -> 7 | F57: =Calculation!F82 -> 8 | G57: =Calculation!G82 -> 8 | H57: =Calculation!H82 -> 7 | I57: =Calculation!I82 -> 6 | J57: =Calculation!J82 -> 6 | ... N57: =Calculation!N82 -> 7
B58: Closing stock | C58: =Calculation!C83 -> 12 | D58: =Calculation!D83 -> 12 | E58: =Calculation!E83 -> 17 | F58: =Calculation!F83 -> 14 | G58: =Calculation!G83 -> 13 | H58: =Calculation!H83 -> 12 | I58: =Calculation!I83 -> 12 | J58: =Calculation!J83 -> 12 | ... N58: =Calculation!N83 -> 15
B59: Stock cover (months) | C59: =Calculation!C86 -> 1.5652174 | D59: =Calculation!D86 -> 1.5652174 | E59: =Calculation!E86 -> 2.2173913 | F59: =Calculation!F86 -> 2 | G59: =Calculation!G86 -> 2.0526316 | H59: =Calculation!H86 -> 2.1176471 | I59: =Calculation!I86 -> 2.1176471 | J59: =Calculation!J86 -> 2 | ... N59: =Calculation!N86 -> 2.0454545
B60: =TEXT(INDEX(Calculation!$C$4:$N$4,$F$54+1),"mmm-yy")&" sells "&INDEX(Calculation!$C$82:$N$82,$F$54+1)&IF(INDEX(Calculation!$C$81:$N$81,$F$54+1)>0,IF(INDEX(Calculation!$C$81:$N$81,$F$54+1)>=INDEX(Calculation!$C$82:$N$82,$F$54+1)," and is "&(INDEX(Calculation!$C$81:$N$81,$F$54+1)-INDEX(Calculation!$C$82:$N$82,$F$54+1))&" short"&" (it starts with "&(INDEX(Calculation!$C$79:$N$79,$F$54+1)+INDEX(Calculation!$C$80:$N$80,$F$54+1))&" cars, and the 3 months after it need "&ROUNDUP(INDEX(Calculation!$C$85:$N$85,$F$54+1),0)&")."&" Order "&INDEX(Calculation!$C$82:$N$82,$F$54+1)&" + "&(INDEX(Calculation!$C$81:$N$81,$F$54+1)-INDEX(Calculation!$C$82:$N$82,$F$54+1))&" = "&INDEX(Calculation!$C$81:$N$81,$F$54+1)&" now."," and has "&(INDEX(Calculation!$C$82:$N$82,$F$54+1)-INDEX(Calculation!$C$81:$N$81,$F$54+1))&" extra"&" (it starts with "&(INDEX(Calculation!$C$79:$N$79,$F$54+1)+INDEX(Calculation!$C$80:$N$80,$F$54+1))&" cars, and the 3 months after it need "&ROUNDUP(INDEX(Calculation!$C$85:$N$85,$F$54+1),0)&")."&" Order "&INDEX(Calculation!$C$82:$N$82,$F$54+1)&" - "&(INDEX(Calculation!$C$82:$N$82,$F$54+1)-INDEX(Calculation!$C$81:$N$81,$F$54+1))&" = "&INDEX(Calculation!$C$81:$N$81,$F$54+1)&" now.")," and has "&((INDEX(Calculation!$C$79:$N$79,$F$54+1)+INDEX(Calculation!$C$80:$N$80,$F$54+1))-ROUNDUP(INDEX(Calculation!$C$85:$N$85,$F$54+1),0))&" extra"&" (it starts with "&(INDEX(Calculation!$C$79:$N$79,$F$54+1)+INDEX(Calculation!$C$80:$N$80,$F$54+1))&" cars, and the 3 months after it need "&ROUNDUP(INDEX(Calculation!$C$85:$N$85,$F$54+1),0)&")."&" The extra covers its sales, so no order is needed now.") -> Feb-27 sells 8 and has 3 extra (it starts with 17 cars, and the 3 months after it need 14). Order 8 - 3 = 5 now.
B62: =Calculation!B90 -> Bronco - Wildtrak | C62: Target: | D62: =Calculation!D90 -> 2 | E62: Lead: | F62: =Calculation!F90 -> 3
B63: Order | C63: =IF(AND(Calculation!C99="",Calculation!C100=0),"",Calculation!C100+N(Calculation!C99)) -> 9 | D63: =IF(AND(Calculation!D99="",Calculation!D100=0),"",Calculation!D100+N(Calculation!D99)) -> 0 | E63: =IF(AND(Calculation!E99="",Calculation!E100=0),"",Calculation!E100+N(Calculation!E99)) -> 2 | F63: =IF(AND(Calculation!F99="",Calculation!F100=0),"",Calculation!F100+N(Calculation!F99)) -> 3 | G63: =IF(AND(Calculation!G99="",Calculation!G100=0),"",Calculation!G100+N(Calculation!G99)) -> 4 | H63: =IF(AND(Calculation!H99="",Calculation!H100=0),"",Calculation!H100+N(Calculation!H99)) -> 4 | I63: =IF(AND(Calculation!I99="",Calculation!I100=0),"",Calculation!I100+N(Calculation!I99)) -> 3 | J63: =IF(AND(Calculation!J99="",Calculation!J100=0),"",Calculation!J100+N(Calculation!J99)) -> 5 | ... N63: =IF(AND(Calculation!N99="",Calculation!N100=0),"",Calculation!N100+N(Calculation!N99))
B64: Arrival | C64: =Calculation!C92+Calculation!C93 -> 4 | D64: =Calculation!D92+Calculation!D93 -> 0 | E64: =Calculation!E92+Calculation!E93 -> 4 | F64: =Calculation!F92+Calculation!F93 -> 9 | G64: =Calculation!G92+Calculation!G93 -> 5 | H64: =Calculation!H92+Calculation!H93 -> 2 | I64: =Calculation!I92+Calculation!I93 -> 3 | J64: =Calculation!J92+Calculation!J93 -> 4 | ... N64: =Calculation!N92+Calculation!N93 -> 4
B65: Sales | C65: =Calculation!C94 -> 4 | D65: =Calculation!D94 -> 5 | E65: =Calculation!E94 -> 4 | F65: =Calculation!F94 -> 5 | G65: =Calculation!G94 -> 4 | H65: =Calculation!H94 -> 4 | I65: =Calculation!I94 -> 4 | J65: =Calculation!J94 -> 3 | ... N65: =Calculation!N94 -> 4
B66: Closing stock | C66: =Calculation!C95 -> 9 | D66: =Calculation!D95 -> 4 | E66: =Calculation!E95 -> 4 | F66: =Calculation!F95 -> 8 | G66: =Calculation!G95 -> 9 | H66: =Calculation!H95 -> 7 | I66: =Calculation!I95 -> 6 | J66: =Calculation!J95 -> 7 | ... N66: =Calculation!N95 -> 9
B67: Stock cover (months) | C67: =Calculation!C98 -> 1.9285714 | D67: =Calculation!D98 -> 0.92307692 | E67: =Calculation!E98 -> 0.92307692 | F67: =Calculation!F98 -> 2 | G67: =Calculation!G98 -> 2.4545455 | H67: =Calculation!H98 -> 2.1 | I67: =Calculation!I98 -> 2 | J67: =Calculation!J98 -> 2.1 | ... N67: =Calculation!N98 -> 2.0769231
B68: =TEXT(INDEX(Calculation!$C$4:$N$4,$F$62+1),"mmm-yy")&" sells "&INDEX(Calculation!$C$94:$N$94,$F$62+1)&IF(INDEX(Calculation!$C$93:$N$93,$F$62+1)>0,IF(INDEX(Calculation!$C$93:$N$93,$F$62+1)>=INDEX(Calculation!$C$94:$N$94,$F$62+1)," and is "&(INDEX(Calculation!$C$93:$N$93,$F$62+1)-INDEX(Calculation!$C$94:$N$94,$F$62+1))&" short"&" (it starts with "&(INDEX(Calculation!$C$91:$N$91,$F$62+1)+INDEX(Calculation!$C$92:$N$92,$F$62+1))&" cars, and the 3 months after it need "&ROUNDUP(INDEX(Calculation!$C$97:$N$97,$F$62+1),0)&")."&" Order "&INDEX(Calculation!$C$94:$N$94,$F$62+1)&" + "&(INDEX(Calculation!$C$93:$N$93,$F$62+1)-INDEX(Calculation!$C$94:$N$94,$F$62+1))&" = "&INDEX(Calculation!$C$93:$N$93,$F$62+1)&" now."," and has "&(INDEX(Calculation!$C$94:$N$94,$F$62+1)-INDEX(Calculation!$C$93:$N$93,$F$62+1))&" extra"&" (it starts with "&(INDEX(Calculation!$C$91:$N$91,$F$62+1)+INDEX(Calculation!$C$92:$N$92,$F$62+1))&" cars, and the 3 months after it need "&ROUNDUP(INDEX(Calculation!$C$97:$N$97,$F$62+1),0)&")."&" Order "&INDEX(Calculation!$C$94:$N$94,$F$62+1)&" - "&(INDEX(Calculation!$C$94:$N$94,$F$62+1)-INDEX(Calculation!$C$93:$N$93,$F$62+1))&" = "&INDEX(Calculation!$C$93:$N$93,$F$62+1)&" now.")," and has "&((INDEX(Calculation!$C$91:$N$91,$F$62+1)+INDEX(Calculation!$C$92:$N$92,$F$62+1))-ROUNDUP(INDEX(Calculation!$C$97:$N$97,$F$62+1),0))&" extra"&" (it starts with "&(INDEX(Calculation!$C$91:$N$91,$F$62+1)+INDEX(Calculation!$C$92:$N$92,$F$62+1))&" cars, and the 3 months after it need "&ROUNDUP(INDEX(Calculation!$C$97:$N$97,$F$62+1),0)&")."&" The extra covers its sales, so no order is needed now.") -> Feb-27 sells 5 and is 4 short (it starts with 4 cars, and the 3 months after it need 8). Order 5 + 4 = 9 now.

Sheet Settings
A1: Car line | B1: Trim | C1: Target cover (months) | D1: Lead time (months)
A2: Territory | B2: Ambiente | C2: 3 | D2: 3
A3: Territory | B3: Trend | C3: 3 | D3: 3
A4: Territory | B4: Titanium | C4: 3 | D4: 3
A5: Bronco | B5: Big Bend 2-door | C5: 2 | D5: 3
A6: Bronco | B6: Big Bend 4-door | C6: 2 | D6: 3
A7: Bronco | B7: Outer Banks | C7: 2 | D7: 3
A8: Bronco | B8: Badlands | C8: 2 | D8: 3
A9: Bronco | B9: Wildtrak | C9: 2 | D9: 3

Sheet Opening Stock
A1: Car line | B1: Trim | C1: Month | D1: Stock
A2: Territory | B2: Ambiente | C2: 46327 | D2: 80
A3: Territory | B3: Trend | C3: 46327 | D3: 210
A4: Territory | B4: Titanium | C4: 46327 | D4: 45
A5: Bronco | B5: Big Bend 2-door | C5: 46327 | D5: 14
A6: Bronco | B6: Big Bend 4-door | C6: 46327 | D6: 25
A7: Bronco | B7: Outer Banks | C7: 46327 | D7: 19
A8: Bronco | B8: Badlands | C8: 46327 | D8: 9
A9: Bronco | B9: Wildtrak | C9: 46327 | D9: 9

Sheet Sales
A1: Car line | B1: Trim | C1: Month | D1: Units | E1: Type | F1: Note
A2: Territory | B2: Ambiente | C2: 46235 | D2: 19 | E2: Actual
A3: Territory | B3: Ambiente | C3: 46266 | D3: 21 | E3: Actual
A4: Territory | B4: Ambiente | C4: 46296 | D4: 26 | E4: Actual
A5: Territory | B5: Ambiente | C5: 46327 | D5: 25 | E5: Forecast
A6: Territory | B6: Ambiente | C6: 46357 | D6: 29 | E6: Forecast
A7: Territory | B7: Ambiente | C7: 46388 | D7: 26 | E7: Forecast
A8: Territory | B8: Ambiente | C8: 46419 | D8: 30 | E8: Forecast
A9: Territory | B9: Ambiente | C9: 46447 | D9: 28 | E9: Forecast
A10: Territory | B10: Ambiente | C10: 46478 | D10: 24 | E10: Forecast
A11: Territory | B11: Ambiente | C11: 46508 | D11: 22 | E11: Forecast
A12: Territory | B12: Ambiente | C12: 46539 | D12: 20 | E12: Forecast
A13: Territory | B13: Ambiente | C13: 46569 | D13: 19 | E13: Forecast
... A45: Territory | B45: Titanium | C45: 46447 | D45: 22 | E45: Forecast
A46: Territory | B46: Titanium | C46: 46478 | D46: 59 | E46: Forecast | F46: Fleet deal +40
A47: Territory | B47: Titanium | C47: 46508 | D47: 18 | E47: Forecast
A48: Territory | B48: Titanium | C48: 46539 | D48: 16 | E48: Forecast
A49: Territory | B49: Titanium | C49: 46569 | D49: 15 | E49: Forecast
A50: Territory | B50: Titanium | C50: 46600 | D50: 16 | E50: Forecast
A51: Territory | B51: Titanium | C51: 46631 | D51: 19 | E51: Forecast
A52: Territory | B52: Titanium | C52: 46661 | D52: 20 | E52: Forecast
A53: Territory | B53: Titanium | C53: 46692 | D53: 20 | E53: Forecast
A54: Territory | B54: Titanium | C54: 46722 | D54: 23 | E54: Forecast
A55: Territory | B55: Titanium | C55: 46753 | D55: 21 | E55: Forecast
A56: Bronco | B56: Big Bend 2-door | C56: 46235 | D56: 5 | E56: Actual
A57: Bronco | B57: Big Bend 2-door | C57: 46266 | D57: 5 | E57: Actual
A58: Bronco | B58: Big Bend 2-door | C58: 46296 | D58: 5 | E58: Actual
... A145: Bronco | B145: Wildtrak | C145: 46753 | D145: 4 | E145: Forecast

Sheet Orders
A1: Order ID | B1: Car line | C1: Trim | D1: Order month | E1: Units | F1: Planned arrival | G1: Confirmed arrival | H1: Effective arrival | I1: Note
A2: T-101 | B2: Territory | C2: Ambiente | D2: 46235 | E2: 25 | F2: =EDATE(D2,INDEX(Settings!$D$2:$D$9,MATCH(C2,Settings!$B$2:$B$9,0))) -> 46327 | H2: =IF(G2="",F2,G2) -> 46327
A3: T-102 | B3: Territory | C3: Ambiente | D3: 46266 | E3: 29 | F3: =EDATE(D3,INDEX(Settings!$D$2:$D$9,MATCH(C3,Settings!$B$2:$B$9,0))) -> 46357 | H3: =IF(G3="",F3,G3) -> 46357
A4: T-103 | B4: Territory | C4: Ambiente | D4: 46296 | E4: 26 | F4: =EDATE(D4,INDEX(Settings!$D$2:$D$9,MATCH(C4,Settings!$B$2:$B$9,0))) -> 46388 | H4: =IF(G4="",F4,G4) -> 46388
A5: T-104 | B5: Territory | C5: Trend | D5: 46235 | E5: 35 | F5: =EDATE(D5,INDEX(Settings!$D$2:$D$9,MATCH(C5,Settings!$B$2:$B$9,0))) -> 46327 | H5: =IF(G5="",F5,G5) -> 46327
A6: T-105 | B6: Territory | C6: Trend | D6: 46266 | E6: 40 | F6: =EDATE(D6,INDEX(Settings!$D$2:$D$9,MATCH(C6,Settings!$B$2:$B$9,0))) -> 46357 | H6: =IF(G6="",F6,G6) -> 46357
A7: T-106 | B7: Territory | C7: Trend | D7: 46296 | E7: 37 | F7: =EDATE(D7,INDEX(Settings!$D$2:$D$9,MATCH(C7,Settings!$B$2:$B$9,0))) -> 46388 | G7: 46357 | H7: =IF(G7="",F7,G7) -> 46357 | I7: Arriving early
A8: T-107 | B8: Territory | C8: Titanium | D8: 46235 | E8: 20 | F8: =EDATE(D8,INDEX(Settings!$D$2:$D$9,MATCH(C8,Settings!$B$2:$B$9,0))) -> 46327 | H8: =IF(G8="",F8,G8) -> 46327
A9: T-108 | B9: Territory | C9: Titanium | D9: 46266 | E9: 23 | F9: =EDATE(D9,INDEX(Settings!$D$2:$D$9,MATCH(C9,Settings!$B$2:$B$9,0))) -> 46357 | H9: =IF(G9="",F9,G9) -> 46357
A10: T-109 | B10: Territory | C10: Titanium | D10: 46296 | E10: 21 | F10: =EDATE(D10,INDEX(Settings!$D$2:$D$9,MATCH(C10,Settings!$B$2:$B$9,0))) -> 46388 | H10: =IF(G10="",F10,G10) -> 46388
A11: B-110 | B11: Bronco | C11: Big Bend 2-door | D11: 46235 | E11: 6 | F11: =EDATE(D11,INDEX(Settings!$D$2:$D$9,MATCH(C11,Settings!$B$2:$B$9,0))) -> 46327 | H11: =IF(G11="",F11,G11) -> 46327
A12: B-111 | B12: Bronco | C12: Big Bend 2-door | D12: 46266 | E12: 7 | F12: =EDATE(D12,INDEX(Settings!$D$2:$D$9,MATCH(C12,Settings!$B$2:$B$9,0))) -> 46357 | H12: =IF(G12="",F12,G12) -> 46357
A13: B-112 | B13: Bronco | C13: Big Bend 2-door | D13: 46296 | E13: 6 | F13: =EDATE(D13,INDEX(Settings!$D$2:$D$9,MATCH(C13,Settings!$B$2:$B$9,0))) -> 46388 | H13: =IF(G13="",F13,G13) -> 46388
A14: B-113 | B14: Bronco | C14: Big Bend 4-door | D14: 46235 | E14: 10 | F14: =EDATE(D14,INDEX(Settings!$D$2:$D$9,MATCH(C14,Settings!$B$2:$B$9,0))) -> 46327 | H14: =IF(G14="",F14,G14) -> 46327
A15: B-114 | B15: Bronco | C15: Big Bend 4-door | D15: 46266 | E15: 12 | F15: =EDATE(D15,INDEX(Settings!$D$2:$D$9,MATCH(C15,Settings!$B$2:$B$9,0))) -> 46357 | H15: =IF(G15="",F15,G15) -> 46357
A16: B-115 | B16: Bronco | C16: Big Bend 4-door | D16: 46296 | E16: 10 | F16: =EDATE(D16,INDEX(Settings!$D$2:$D$9,MATCH(C16,Settings!$B$2:$B$9,0))) -> 46388 | H16: =IF(G16="",F16,G16) -> 46388
A17: B-116 | B17: Bronco | C17: Outer Banks | D17: 46235 | E17: 8 | F17: =EDATE(D17,INDEX(Settings!$D$2:$D$9,MATCH(C17,Settings!$B$2:$B$9,0))) -> 46327 | H17: =IF(G17="",F17,G17) -> 46327
A18: B-117 | B18: Bronco | C18: Outer Banks | D18: 46266 | E18: 9 | F18: =EDATE(D18,INDEX(Settings!$D$2:$D$9,MATCH(C18,Settings!$B$2:$B$9,0))) -> 46357 | H18: =IF(G18="",F18,G18) -> 46357
A19: B-118 | B19: Bronco | C19: Outer Banks | D19: 46296 | E19: 8 | F19: =EDATE(D19,INDEX(Settings!$D$2:$D$9,MATCH(C19,Settings!$B$2:$B$9,0))) -> 46388 | H19: =IF(G19="",F19,G19) -> 46388
A20: B-119 | B20: Bronco | C20: Badlands | D20: 46235 | E20: 10 | F20: =EDATE(D20,INDEX(Settings!$D$2:$D$9,MATCH(C20,Settings!$B$2:$B$9,0))) -> 46327 | G20: 46327 | H20: =IF(G20="",F20,G20) -> 46327 | I20: Short shipment: 10 of 15 in Nov
A21: B-119 | B21: Bronco | C21: Badlands | D21: 46235 | E21: 5 | F21: =EDATE(D21,INDEX(Settings!$D$2:$D$9,MATCH(C21,Settings!$B$2:$B$9,0))) -> 46327 | G21: 46388 | H21: =IF(G21="",F21,G21) -> 46388 | I21: Short shipment: balance 5 in Jan
A22: B-120 | B22: Bronco | C22: Badlands | D22: 46266 | E22: 8 | F22: =EDATE(D22,INDEX(Settings!$D$2:$D$9,MATCH(C22,Settings!$B$2:$B$9,0))) -> 46357 | H22: =IF(G22="",F22,G22) -> 46357
A23: B-121 | B23: Bronco | C23: Badlands | D23: 46296 | E23: 7 | F23: =EDATE(D23,INDEX(Settings!$D$2:$D$9,MATCH(C23,Settings!$B$2:$B$9,0))) -> 46388 | H23: =IF(G23="",F23,G23) -> 46388
A24: B-122 | B24: Bronco | C24: Wildtrak | D24: 46235 | E24: 4 | F24: =EDATE(D24,INDEX(Settings!$D$2:$D$9,MATCH(C24,Settings!$B$2:$B$9,0))) -> 46327 | H24: =IF(G24="",F24,G24) -> 46327
A25: B-123 | B25: Bronco | C25: Wildtrak | D25: 46266 | E25: 5 | F25: =EDATE(D25,INDEX(Settings!$D$2:$D$9,MATCH(C25,Settings!$B$2:$B$9,0))) -> 46357 | G25: 46447 | H25: =IF(G25="",F25,G25) -> 46447 | I25: Delayed from Dec to Mar
A26: B-124 | B26: Bronco | C26: Wildtrak | D26: 46296 | E26: 4 | F26: =EDATE(D26,INDEX(Settings!$D$2:$D$9,MATCH(C26,Settings!$B$2:$B$9,0))) -> 46388 | H26: =IF(G26="",F26,G26) -> 46388

Sheet Calculation
B1: Calculation - the working behind the Plan sheet (formulas only)
B2: Plan start | C2: =MIN('Opening Stock'!$C$2:$C$1000) -> 46327 | O2: Sales only, used for cover
B3: Month no. | C3: 1 | D3: 2 | E3: 3 | F3: 4 | G3: 5 | H3: 6 | I3: 7 | J3: 8 | K3: 9 | L3: 10 | M3: 11 | N3: 12 | O3: 13 | P3: 14 | Q3: 15
B4: Month | C4: =EDATE($C$2,0) -> 46327 | D4: =EDATE($C$2,1) -> 46357 | E4: =EDATE($C$2,2) -> 46388 | F4: =EDATE($C$2,3) -> 46419 | G4: =EDATE($C$2,4) -> 46447 | H4: =EDATE($C$2,5) -> 46478 | I4: =EDATE($C$2,6) -> 46508 | J4: =EDATE($C$2,7) -> 46539 | K4: =EDATE($C$2,8) -> 46569 | L4: =EDATE($C$2,9) -> 46600 | M4: =EDATE($C$2,10) -> 46631 | N4: =EDATE($C$2,11) -> 46661 | O4: =EDATE($C$2,12) -> 46692 | P4: =EDATE($C$2,13) -> 46722 | Q4: =EDATE($C$2,14) -> 46753
A6: =INDEX(Settings!$B$2:$B$100,1) -> Ambiente | B6: =INDEX(Settings!$A$2:$A$100,1)&" - "&A6 -> Territory - Ambiente | C6: Target | D6: =INDEX(Settings!$C$2:$C$100,MATCH($A6,Settings!$B$2:$B$100,0)) -> 3 | E6: Lead | F6: =INDEX(Settings!$D$2:$D$100,MATCH($A6,Settings!$B$2:$B$100,0)) -> 3
A7: =$A$6 -> Ambiente | B7: Opening stock | C7: =SUMIFS('Opening Stock'!$D$2:$D$1000,'Opening Stock'!$B$2:$B$1000,$A6) -> 80 | D7: =C11 -> 80 | E7: =D11 -> 80 | F7: =E11 -> 80 | G7: =F11 -> 74 | H7: =G11 -> 66 | I7: =H11 -> 61 | J7: =I11 -> 59 | K7: =J11 -> 63 | ... N7: =M11 -> 79
A8: =$A$6 -> Ambiente | B8: Arrivals (orders already placed) | C8: =SUMIFS(Orders!$E$2:$E$2000,Orders!$C$2:$C$2000,$A6,Orders!$H$2:$H$2000,C$4) -> 25 | D8: =SUMIFS(Orders!$E$2:$E$2000,Orders!$C$2:$C$2000,$A6,Orders!$H$2:$H$2000,D$4) -> 29 | E8: =SUMIFS(Orders!$E$2:$E$2000,Orders!$C$2:$C$2000,$A6,Orders!$H$2:$H$2000,E$4) -> 26 | F8: =SUMIFS(Orders!$E$2:$E$2000,Orders!$C$2:$C$2000,$A6,Orders!$H$2:$H$2000,F$4) -> 0 | G8: =SUMIFS(Orders!$E$2:$E$2000,Orders!$C$2:$C$2000,$A6,Orders!$H$2:$H$2000,G$4) -> 0 | H8: =SUMIFS(Orders!$E$2:$E$2000,Orders!$C$2:$C$2000,$A6,Orders!$H$2:$H$2000,H$4) -> 0 | I8: =SUMIFS(Orders!$E$2:$E$2000,Orders!$C$2:$C$2000,$A6,Orders!$H$2:$H$2000,I$4) -> 0 | J8: =SUMIFS(Orders!$E$2:$E$2000,Orders!$C$2:$C$2000,$A6,Orders!$H$2:$H$2000,J$4) -> 0 | ... N8: =SUMIFS(Orders!$E$2:$E$2000,Orders!$C$2:$C$2000,$A6,Orders!$H$2:$H$2000,N$4) -> 0
A9: =$A$6 -> Ambiente | B9: Proposed arrivals (new orders) | C9: =IF(C$3<=$F$6,0,MAX(0,ROUNDUP(C13-(C7+C8-C10),0))) -> 0 | D9: =IF(D$3<=$F$6,0,MAX(0,ROUNDUP(D13-(D7+D8-D10),0))) -> 0 | E9: =IF(E$3<=$F$6,0,MAX(0,ROUNDUP(E13-(E7+E8-E10),0))) -> 0 | F9: =IF(F$3<=$F$6,0,MAX(0,ROUNDUP(F13-(F7+F8-F10),0))) -> 24 | G9: =IF(G$3<=$F$6,0,MAX(0,ROUNDUP(G13-(G7+G8-G10),0))) -> 20 | H9: =IF(H$3<=$F$6,0,MAX(0,ROUNDUP(H13-(H7+H8-H10),0))) -> 19 | I9: =IF(I$3<=$F$6,0,MAX(0,ROUNDUP(I13-(I7+I8-I10),0))) -> 20 | J9: =IF(J$3<=$F$6,0,MAX(0,ROUNDUP(J13-(J7+J8-J10),0))) -> 24 | ... N9: =IF(N$3<=$F$6,0,MAX(0,ROUNDUP(N13-(N7+N8-N10),0))) -> 26
A10: =$A$6 -> Ambiente | B10: Sales (actual, else forecast) | C10: =IF(COUNTIFS(Sales!$B$2:$B$2000,$A6,Sales!$C$2:$C$2000,C$4,Sales!$E$2:$E$2000,"Actual")>0,SUMIFS(Sales!$D$2:$D$2000,Sales!$B$2:$B$2000,$A6,Sales!$C$2:$C$2000,C$4,Sales!$E$2:$E$2000,"Actual"),SUMIFS(Sales!$D$2:$D$2000,Sales!$B$2:$B$2000,$A6,Sales!$C$2:$C$2000,C$4,Sales!$E$2:$E$2000,"Forecast")) -> 25 | D10: =IF(COUNTIFS(Sales!$B$2:$B$2000,$A6,Sales!$C$2:$C$2000,D$4,Sales!$E$2:$E$2000,"Actual")>0,SUMIFS(Sales!$D$2:$D$2000,Sales!$B$2:$B$2000,$A6,Sales!$C$2:$C$2000,D$4,Sales!$E$2:$E$2000,"Actual"),SUMIFS(Sales!$D$2:$D$2000,Sales!$B$2:$B$2000,$A6,Sales!$C$2:$C$2000,D$4,Sales!$E$2:$E$2000,"Forecast")) -> 29 | E10: =IF(COUNTIFS(Sales!$B$2:$B$2000,$A6,Sales!$C$2:$C$2000,E$4,Sales!$E$2:$E$2000,"Actual")>0,SUMIFS(Sales!$D$2:$D$2000,Sales!$B$2:$B$2000,$A6,Sales!$C$2:$C$2000,E$4,Sales!$E$2:$E$2000,"Actual"),SUMIFS(Sales!$D$2:$D$2000,Sales!$B$2:$B$2000,$A6,Sales!$C$2:$C$2000,E$4,Sales!$E$2:$E$2000,"Forecast")) -> 26 | F10: =IF(COUNTIFS(Sales!$B$2:$B$2000,$A6,Sales!$C$2:$C$2000,F$4,Sales!$E$2:$E$2000,"Actual")>0,SUMIFS(Sales!$D$2:$D$2000,Sales!$B$2:$B$2000,$A6,Sales!$C$2:$C$2000,F$4,Sales!$E$2:$E$2000,"Actual"),SUMIFS(Sales!$D$2:$D$2000,Sales!$B$2:$B$2000,$A6,Sales!$C$2:$C$2000,F$4,Sales!$E$2:$E$2000,"Forecast")) -> 30 | G10: =IF(COUNTIFS(Sales!$B$2:$B$2000,$A6,Sales!$C$2:$C$2000,G$4,Sales!$E$2:$E$2000,"Actual")>0,SUMIFS(Sales!$D$2:$D$2000,Sales!$B$2:$B$2000,$A6,Sales!$C$2:$C$2000,G$4,Sales!$E$2:$E$2000,"Actual"),SUMIFS(Sales!$D$2:$D$2000,Sales!$B$2:$B$2000,$A6,Sales!$C$2:$C$2000,G$4,Sales!$E$2:$E$2000,"Forecast")) -> 28 | H10: =IF(COUNTIFS(Sales!$B$2:$B$2000,$A6,Sales!$C$2:$C$2000,H$4,Sales!$E$2:$E$2000,"Actual")>0,SUMIFS(Sales!$D$2:$D$2000,Sales!$B$2:$B$2000,$A6,Sales!$C$2:$C$2000,H$4,Sales!$E$2:$E$2000,"Actual"),SUMIFS(Sales!$D$2:$D$2000,Sales!$B$2:$B$2000,$A6,Sales!$C$2:$C$2000,H$4,Sales!$E$2:$E$2000,"Forecast")) -> 24 | I10: =IF(COUNTIFS(Sales!$B$2:$B$2000,$A6,Sales!$C$2:$C$2000,I$4,Sales!$E$2:$E$2000,"Actual")>0,SUMIFS(Sales!$D$2:$D$2000,Sales!$B$2:$B$2000,$A6,Sales!$C$2:$C$2000,I$4,Sales!$E$2:$E$2000,"Actual"),SUMIFS(Sales!$D$2:$D$2000,Sales!$B$2:$B$2000,$A6,Sales!$C$2:$C$2000,I$4,Sales!$E$2:$E$2000,"Forecast")) -> 22 | J10: =IF(COUNTIFS(Sales!$B$2:$B$2000,$A6,Sales!$C$2:$C$2000,J$4,Sales!$E$2:$E$2000,"Actual")>0,SUMIFS(Sales!$D$2:$D$2000,Sales!$B$2:$B$2000,$A6,Sales!$C$2:$C$2000,J$4,Sales!$E$2:$E$2000,"Actual"),SUMIFS(Sales!$D$2:$D$2000,Sales!$B$2:$B$2000,$A6,Sales!$C$2:$C$2000,J$4,Sales!$E$2:$E$2000,"Forecast")) -> 20 | ... Q10: =IF(COUNTIFS(Sales!$B$2:$B$2000,$A6,Sales!$C$2:$C$2000,Q$4,Sales!$E$2:$E$2000,"Actual")>0,SUMIFS(Sales!$D$2:$D$2000,Sales!$B$2:$B$2000,$A6,Sales!$C$2:$C$2000,Q$4,Sales!$E$2:$E$2000,"Actual"),SUMIFS(Sales!$D$2:$D$2000,Sales!$B$2:$B$2000,$A6,Sales!$C$2:$C$2000,Q$4,Sales!$E$2:$E$2000,"Forecast")) -> 26
A11: =$A$6 -> Ambiente | B11: Closing stock | C11: =C7+C8+C9-C10 -> 80 | D11: =D7+D8+D9-D10 -> 80 | E11: =E7+E8+E9-E10 -> 80 | F11: =F7+F8+F9-F10 -> 74 | G11: =G7+G8+G9-G10 -> 66 | H11: =H7+H8+H9-H10 -> 61 | I11: =I7+I8+I9-I10 -> 59 | J11: =J7+J8+J9-J10 -> 63 | ... N11: =N7+N8+N9-N10 -> 80
A12: =$A$6 -> Ambiente | B12: Avg sales, next 3 months | C12: =AVERAGE(D10:F10) -> 28.333333 | D12: =AVERAGE(E10:G10) -> 28 | E12: =AVERAGE(F10:H10) -> 27.333333 | F12: =AVERAGE(G10:I10) -> 24.666667 | G12: =AVERAGE(H10:J10) -> 22 | H12: =AVERAGE(I10:K10) -> 20.333333 | I12: =AVERAGE(J10:L10) -> 19.666667 | J12: =AVERAGE(K10:M10) -> 21 | ... N12: =AVERAGE(O10:Q10) -> 26.666667
A13: =$A$6 -> Ambiente | B13: Target closing stock | C13: =$D$6*C12 -> 85 | D13: =$D$6*D12 -> 84 | E13: =$D$6*E12 -> 82 | F13: =$D$6*F12 -> 74 | G13: =$D$6*G12 -> 66 | H13: =$D$6*H12 -> 61 | I13: =$D$6*I12 -> 59 | J13: =$D$6*J12 -> 63 | ... N13: =$D$6*N12 -> 80
A14: =$A$6 -> Ambiente | B14: Stock cover (months) | C14: =IFERROR(C11/C12,"") -> 2.8235294 | D14: =IFERROR(D11/D12,"") -> 2.8571429 | E14: =IFERROR(E11/E12,"") -> 2.9268293 | F14: =IFERROR(F11/F12,"") -> 3 | G14: =IFERROR(G11/G12,"") -> 3 | H14: =IFERROR(H11/H12,"") -> 3 | I14: =IFERROR(I11/I12,"") -> 3 | J14: =IFERROR(J11/J12,"") -> 3 | ... N14: =IFERROR(N11/N12,"") -> 3
A15: =$A$6 -> Ambiente | B15: Proposed order (place this month) | C15: =IF(C$3+$F$6<=12,INDEX($C$9:$N$9,C$3+$F$6),"") -> 24 | D15: =IF(D$3+$F$6<=12,INDEX($C$9:$N$9,D$3+$F$6),"") -> 20 | E15: =IF(E$3+$F$6<=12,INDEX($C$9:$N$9,E$3+$F$6),"") -> 19 | F15: =IF(F$3+$F$6<=12,INDEX($C$9:$N$9,F$3+$F$6),"") -> 20 | G15: =IF(G$3+$F$6<=12,INDEX($C$9:$N$9,G$3+$F$6),"") -> 24 | H15: =IF(H$3+$F$6<=12,INDEX($C$9:$N$9,H$3+$F$6),"") -> 25 | I15: =IF(I$3+$F$6<=12,INDEX($C$9:$N$9,I$3+$F$6),"") -> 25 | J15: =IF(J$3+$F$6<=12,INDEX($C$9:$N$9,J$3+$F$6),"") -> 29 | ... N15: =IF(N$3+$F$6<=12,INDEX($C$9:$N$9,N$3+$F$6),"")
A16: =$A$6 -> Ambiente | B16: Orders placed this month | C16: =SUMIFS(Orders!$E$2:$E$2000,Orders!$C$2:$C$2000,$A6,Orders!$D$2:$D$2000,C$4) -> 0 | D16: =SUMIFS(Orders!$E$2:$E$2000,Orders!$C$2:$C$2000,$A6,Orders!$D$2:$D$2000,D$4) -> 0 | E16: =SUMIFS(Orders!$E$2:$E$2000,Orders!$C$2:$C$2000,$A6,Orders!$D$2:$D$2000,E$4) -> 0 | F16: =SUMIFS(Orders!$E$2:$E$2000,Orders!$C$2:$C$2000,$A6,Orders!$D$2:$D$2000,F$4) -> 0 | G16: =SUMIFS(Orders!$E$2:$E$2000,Orders!$C$2:$C$2000,$A6,Orders!$D$2:$D$2000,G$4) -> 0 | H16: =SUMIFS(Orders!$E$2:$E$2000,Orders!$C$2:$C$2000,$A6,Orders!$D$2:$D$2000,H$4) -> 0 | I16: =SUMIFS(Orders!$E$2:$E$2000,Orders!$C$2:$C$2000,$A6,Orders!$D$2:$D$2000,I$4) -> 0 | J16: =SUMIFS(Orders!$E$2:$E$2000,Orders!$C$2:$C$2000,$A6,Orders!$D$2:$D$2000,J$4) -> 0 | ... N16: =SUMIFS(Orders!$E$2:$E$2000,Orders!$C$2:$C$2000,$A6,Orders!$D$2:$D$2000,N$4) -> 0
A18: =INDEX(Settings!$B$2:$B$100,2) -> Trend | B18: =INDEX(Settings!$A$2:$A$100,2)&" - "&A18 -> Territory - Trend | C18: Target | D18: =INDEX(Settings!$C$2:$C$100,MATCH($A18,Settings!$B$2:$B$100,0)) -> 3 | E18: Lead | F18: =INDEX(Settings!$D$2:$D$100,MATCH($A18,Settings!$B$2:$B$100,0)) -> 3
A19: =$A$18 -> Trend | B19: Opening stock | C19: =SUMIFS('Opening Stock'!$D$2:$D$1000,'Opening Stock'!$B$2:$B$1000,$A18) -> 210 | D19: =C23 -> 210 | E19: =D23 -> 247 | F19: =E23 -> 210 | G19: =F23 -> 168 | H19: =G23 -> 130 | I19: =H23 -> 97 | J19: =I23 -> 82 | K19: =J23 -> 87 | ... N19: =M23 -> 110
A20: =$A$18 -> Trend | B20: Arrivals (orders already placed) | C20: =SUMIFS(Orders!$E$2:$E$2000,Orders!$C$2:$C$2000,$A18,Orders!$H$2:$H$2000,C$4) -> 35 | D20: =SUMIFS(Orders!$E$2:$E$2000,Orders!$C$2:$C$2000,$A18,Orders!$H$2:$H$2000,D$4) -> 77 | E20: =SUMIFS(Orders!$E$2:$E$2000,Orders!$C$2:$C$2000,$A18,Orders!$H$2:$H$2000,E$4) -> 0 | F20: =SUMIFS(Orders!$E$2:$E$2000,Orders!$C$2:$C$2000,$A18,Orders!$H$2:$H$2000,F$4) -> 0 | G20: =SUMIFS(Orders!$E$2:$E$2000,Orders!$C$2:$C$2000,$A18,Orders!$H$2:$H$2000,G$4) -> 0 | H20: =SUMIFS(Orders!$E$2:$E$2000,Orders!$C$2:$C$2000,$A18,Orders!$H$2:$H$2000,H$4) -> 0 | I20: =SUMIFS(Orders!$E$2:$E$2000,Orders!$C$2:$C$2000,$A18,Orders!$H$2:$H$2000,I$4) -> 0 | J20: =SUMIFS(Orders!$E$2:$E$2000,Orders!$C$2:$C$2000,$A18,Orders!$H$2:$H$2000,J$4) -> 0 | ... N20: =SUMIFS(Orders!$E$2:$E$2000,Orders!$C$2:$C$2000,$A18,Orders!$H$2:$H$2000,N$4) -> 0
A21: =$A$18 -> Trend | B21: Proposed arrivals (new orders) | C21: =IF(C$3<=$F$18,0,MAX(0,ROUNDUP(C25-(C19+C20-C22),0))) -> 0 | D21: =IF(D$3<=$F$18,0,MAX(0,ROUNDUP(D25-(D19+D20-D22),0))) -> 0 | E21: =IF(E$3<=$F$18,0,MAX(0,ROUNDUP(E25-(E19+E20-E22),0))) -> 0 | F21: =IF(F$3<=$F$18,0,MAX(0,ROUNDUP(F25-(F19+F20-F22),0))) -> 0 | G21: =IF(G$3<=$F$18,0,MAX(0,ROUNDUP(G25-(G19+G20-G22),0))) -> 0 | H21: =IF(H$3<=$F$18,0,MAX(0,ROUNDUP(H25-(H19+H20-H22),0))) -> 0 | I21: =IF(I$3<=$F$18,0,MAX(0,ROUNDUP(I25-(I19+I20-I22),0))) -> 17 | J21: =IF(J$3<=$F$18,0,MAX(0,ROUNDUP(J25-(J19+J20-J22),0))) -> 33 | ... N21: =IF(N$3<=$F$18,0,MAX(0,ROUNDUP(N25-(N19+N20-N22),0))) -> 37
A22: =$A$18 -> Trend | B22: Sales (actual, else forecast) | C22: =IF(COUNTIFS(Sales!$B$2:$B$2000,$A18,Sales!$C$2:$C$2000,C$4,Sales!$E$2:$E$2000,"Actual")>0,SUMIFS(Sales!$D$2:$D$2000,Sales!$B$2:$B$2000,$A18,Sales!$C$2:$C$2000,C$4,Sales!$E$2:$E$2000,"Actual"),SUMIFS(Sales!$D$2:$D$2000,Sales!$B$2:$B$2000,$A18,Sales!$C$2:$C$2000,C$4,Sales!$E$2:$E$2000,"Forecast")) -> 35 | D22: =IF(COUNTIFS(Sales!$B$2:$B$2000,$A18,Sales!$C$2:$C$2000,D$4,Sales!$E$2:$E$2000,"Actual")>0,SUMIFS(Sales!$D$2:$D$2000,Sales!$B$2:$B$2000,$A18,Sales!$C$2:$C$2000,D$4,Sales!$E$2:$E$2000,"Actual"),SUMIFS(Sales!$D$2:$D$2000,Sales!$B$2:$B$2000,$A18,Sales!$C$2:$C$2000,D$4,Sales!$E$2:$E$2000,"Forecast")) -> 40 | E22: =IF(COUNTIFS(Sales!$B$2:$B$2000,$A18,Sales!$C$2:$C$2000,E$4,Sales!$E$2:$E$2000,"Actual")>0,SUMIFS(Sales!$D$2:$D$2000,Sales!$B$2:$B$2000,$A18,Sales!$C$2:$C$2000,E$4,Sales!$E$2:$E$2000,"Actual"),SUMIFS(Sales!$D$2:$D$2000,Sales!$B$2:$B$2000,$A18,Sales!$C$2:$C$2000,E$4,Sales!$E$2:$E$2000,"Forecast")) -> 37 | F22: =IF(COUNTIFS(Sales!$B$2:$B$2000,$A18,Sales!$C$2:$C$2000,F$4,Sales!$E$2:$E$2000,"Actual")>0,SUMIFS(Sales!$D$2:$D$2000,Sales!$B$2:$B$2000,$A18,Sales!$C$2:$C$2000,F$4,Sales!$E$2:$E$2000,"Actual"),SUMIFS(Sales!$D$2:$D$2000,Sales!$B$2:$B$2000,$A18,Sales!$C$2:$C$2000,F$4,Sales!$E$2:$E$2000,"Forecast")) -> 42 | G22: =IF(COUNTIFS(Sales!$B$2:$B$2000,$A18,Sales!$C$2:$C$2000,G$4,Sales!$E$2:$E$2000,"Actual")>0,SUMIFS(Sales!$D$2:$D$2000,Sales!$B$2:$B$2000,$A18,Sales!$C$2:$C$2000,G$4,Sales!$E$2:$E$2000,"Actual"),SUMIFS(Sales!$D$2:$D$2000,Sales!$B$2:$B$2000,$A18,Sales!$C$2:$C$2000,G$4,Sales!$E$2:$E$2000,"Forecast")) -> 38 | H22: =IF(COUNTIFS(Sales!$B$2:$B$2000,$A18,Sales!$C$2:$C$2000,H$4,Sales!$E$2:$E$2000,"Actual")>0,SUMIFS(Sales!$D$2:$D$2000,Sales!$B$2:$B$2000,$A18,Sales!$C$2:$C$2000,H$4,Sales!$E$2:$E$2000,"Actual"),SUMIFS(Sales!$D$2:$D$2000,Sales!$B$2:$B$2000,$A18,Sales!$C$2:$C$2000,H$4,Sales!$E$2:$E$2000,"Forecast")) -> 33 | I22: =IF(COUNTIFS(Sales!$B$2:$B$2000,$A18,Sales!$C$2:$C$2000,I$4,Sales!$E$2:$E$2000,"Actual")>0,SUMIFS(Sales!$D$2:$D$2000,Sales!$B$2:$B$2000,$A18,Sales!$C$2:$C$2000,I$4,Sales!$E$2:$E$2000,"Actual"),SUMIFS(Sales!$D$2:$D$2000,Sales!$B$2:$B$2000,$A18,Sales!$C$2:$C$2000,I$4,Sales!$E$2:$E$2000,"Forecast")) -> 32 | J22: =IF(COUNTIFS(Sales!$B$2:$B$2000,$A18,Sales!$C$2:$C$2000,J$4,Sales!$E$2:$E$2000,"Actual")>0,SUMIFS(Sales!$D$2:$D$2000,Sales!$B$2:$B$2000,$A18,Sales!$C$2:$C$2000,J$4,Sales!$E$2:$E$2000,"Actual"),SUMIFS(Sales!$D$2:$D$2000,Sales!$B$2:$B$2000,$A18,Sales!$C$2:$C$2000,J$4,Sales!$E$2:$E$2000,"Forecast")) -> 28 | ... Q22: =IF(COUNTIFS(Sales!$B$2:$B$2000,$A18,Sales!$C$2:$C$2000,Q$4,Sales!$E$2:$E$2000,"Actual")>0,SUMIFS(Sales!$D$2:$D$2000,Sales!$B$2:$B$2000,$A18,Sales!$C$2:$C$2000,Q$4,Sales!$E$2:$E$2000,"Actual"),SUMIFS(Sales!$D$2:$D$2000,Sales!$B$2:$B$2000,$A18,Sales!$C$2:$C$2000,Q$4,Sales!$E$2:$E$2000,"Forecast")) -> 37
A23: =$A$18 -> Trend | B23: Closing stock | C23: =C19+C20+C21-C22 -> 210 | D23: =D19+D20+D21-D22 -> 247 | E23: =E19+E20+E21-E22 -> 210 | F23: =F19+F20+F21-F22 -> 168 | G23: =G19+G20+G21-G22 -> 130 | H23: =H19+H20+H21-H22 -> 97 | I23: =I19+I20+I21-I22 -> 82 | J23: =J19+J20+J21-J22 -> 87 | ... N23: =N19+N20+N21-N22 -> 112
A24: =$A$18 -> Trend | B24: Avg sales, next 3 months | C24: =AVERAGE(D22:F22) -> 39.666667 | D24: =AVERAGE(E22:G22) -> 39 | E24: =AVERAGE(F22:H22) -> 37.666667 | F24: =AVERAGE(G22:I22) -> 34.333333 | G24: =AVERAGE(H22:J22) -> 31 | H24: =AVERAGE(I22:K22) -> 28.666667 | I24: =AVERAGE(J22:L22) -> 27.333333 | J24: =AVERAGE(K22:M22) -> 29 | ... N24: =AVERAGE(O22:Q22) -> 37.333333
A25: =$A$18 -> Trend | B25: Target closing stock | C25: =$D$18*C24 -> 119 | D25: =$D$18*D24 -> 117 | E25: =$D$18*E24 -> 113 | F25: =$D$18*F24 -> 103 | G25: =$D$18*G24 -> 93 | H25: =$D$18*H24 -> 86 | I25: =$D$18*I24 -> 82 | J25: =$D$18*J24 -> 87 | ... N25: =$D$18*N24 -> 112
A26: =$A$18 -> Trend | B26: Stock cover (months) | C26: =IFERROR(C23/C24,"") -> 5.2941176 | D26: =IFERROR(D23/D24,"") -> 6.3333333 | E26: =IFERROR(E23/E24,"") -> 5.5752212 | F26: =IFERROR(F23/F24,"") -> 4.8932039 | G26: =IFERROR(G23/G24,"") -> 4.1935484 | H26: =IFERROR(H23/H24,"") -> 3.3837209 | I26: =IFERROR(I23/I24,"") -> 3 | J26: =IFERROR(J23/J24,"") -> 3 | ... N26: =IFERROR(N23/N24,"") -> 3
A27: =$A$18 -> Trend | B27: Proposed order (place this month) | C27: =IF(C$3+$F$18<=12,INDEX($C$21:$N$21,C$3+$F$18),"") -> 0 | D27: =IF(D$3+$F$18<=12,INDEX($C$21:$N$21,D$3+$F$18),"") -> 0 | E27: =IF(E$3+$F$18<=12,INDEX($C$21:$N$21,E$3+$F$18),"") -> 0 | F27: =IF(F$3+$F$18<=12,INDEX($C$21:$N$21,F$3+$F$18),"") -> 17 | G27: =IF(G$3+$F$18<=12,INDEX($C$21:$N$21,G$3+$F$18),"") -> 33 | H27: =IF(H$3+$F$18<=12,INDEX($C$21:$N$21,H$3+$F$18),"") -> 35 | I27: =IF(I$3+$F$18<=12,INDEX($C$21:$N$21,I$3+$F$18),"") -> 35 | J27: =IF(J$3+$F$18<=12,INDEX($C$21:$N$21,J$3+$F$18),"") -> 40 | ... N27: =IF(N$3+$F$18<=12,INDEX($C$21:$N$21,N$3+$F$18),"")
A28: =$A$18 -> Trend | B28: Orders placed this month | C28: =SUMIFS(Orders!$E$2:$E$2000,Orders!$C$2:$C$2000,$A18,Orders!$D$2:$D$2000,C$4) -> 0 | D28: =SUMIFS(Orders!$E$2:$E$2000,Orders!$C$2:$C$2000,$A18,Orders!$D$2:$D$2000,D$4) -> 0 | E28: =SUMIFS(Orders!$E$2:$E$2000,Orders!$C$2:$C$2000,$A18,Orders!$D$2:$D$2000,E$4) -> 0 | F28: =SUMIFS(Orders!$E$2:$E$2000,Orders!$C$2:$C$2000,$A18,Orders!$D$2:$D$2000,F$4) -> 0 | G28: =SUMIFS(Orders!$E$2:$E$2000,Orders!$C$2:$C$2000,$A18,Orders!$D$2:$D$2000,G$4) -> 0 | H28: =SUMIFS(Orders!$E$2:$E$2000,Orders!$C$2:$C$2000,$A18,Orders!$D$2:$D$2000,H$4) -> 0 | I28: =SUMIFS(Orders!$E$2:$E$2000,Orders!$C$2:$C$2000,$A18,Orders!$D$2:$D$2000,I$4) -> 0 | J28: =SUMIFS(Orders!$E$2:$E$2000,Orders!$C$2:$C$2000,$A18,Orders!$D$2:$D$2000,J$4) -> 0 | ... N28: =SUMIFS(Orders!$E$2:$E$2000,Orders!$C$2:$C$2000,$A18,Orders!$D$2:$D$2000,N$4) -> 0
A30: =INDEX(Settings!$B$2:$B$100,3) -> Titanium | B30: =INDEX(Settings!$A$2:$A$100,3)&" - "&A30 -> Territory - Titanium | C30: Target | D30: =INDEX(Settings!$C$2:$C$100,MATCH($A30,Settings!$B$2:$B$100,0)) -> 3 | E30: Lead | F30: =INDEX(Settings!$D$2:$D$100,MATCH($A30,Settings!$B$2:$B$100,0)) -> 3
A31: =$A$30 -> Titanium | B31: Opening stock | C31: =SUMIFS('Opening Stock'!$D$2:$D$1000,'Opening Stock'!$B$2:$B$1000,$A30) -> 45 | D31: =C35 -> 45 | E31: =D35 -> 45 | F31: =E35 -> 45 | G31: =F35 -> 99 | H31: =G35 -> 93 | I31: =H35 -> 49 | J31: =I35 -> 47 | K31: =J35 -> 50 | ... N31: =M35 -> 63
A32: =$A$30 -> Titanium | B32: Arrivals (orders already placed) | C32: =SUMIFS(Orders!$E$2:$E$2000,Orders!$C$2:$C$2000,$A30,Orders!$H$2:$H$2000,C$4) -> 20 | D32: =SUMIFS(Orders!$E$2:$E$2000,Orders!$C$2:$C$2000,$A30,Orders!$H$2:$H$2000,D$4) -> 23 | E32: =SUMIFS(Orders!$E$2:$E$2000,Orders!$C$2:$C$2000,$A30,Orders!$H$2:$H$2000,E$4) -> 21 | F32: =SUMIFS(Orders!$E$2:$E$2000,Orders!$C$2:$C$2000,$A30,Orders!$H$2:$H$2000,F$4) -> 0 | G32: =SUMIFS(Orders!$E$2:$E$2000,Orders!$C$2:$C$2000,$A30,Orders!$H$2:$H$2000,G$4) -> 0 | H32: =SUMIFS(Orders!$E$2:$E$2000,Orders!$C$2:$C$2000,$A30,Orders!$H$2:$H$2000,H$4) -> 0 | I32: =SUMIFS(Orders!$E$2:$E$2000,Orders!$C$2:$C$2000,$A30,Orders!$H$2:$H$2000,I$4) -> 0 | J32: =SUMIFS(Orders!$E$2:$E$2000,Orders!$C$2:$C$2000,$A30,Orders!$H$2:$H$2000,J$4) -> 0 | ... N32: =SUMIFS(Orders!$E$2:$E$2000,Orders!$C$2:$C$2000,$A30,Orders!$H$2:$H$2000,N$4) -> 0
A33: =$A$30 -> Titanium | B33: Proposed arrivals (new orders) | C33: =IF(C$3<=$F$30,0,MAX(0,ROUNDUP(C37-(C31+C32-C34),0))) -> 0 | D33: =IF(D$3<=$F$30,0,MAX(0,ROUNDUP(D37-(D31+D32-D34),0))) -> 0 | E33: =IF(E$3<=$F$30,0,MAX(0,ROUNDUP(E37-(E31+E32-E34),0))) -> 0 | F33: =IF(F$3<=$F$30,0,MAX(0,ROUNDUP(F37-(F31+F32-F34),0))) -> 78 | G33: =IF(G$3<=$F$30,0,MAX(0,ROUNDUP(G37-(G31+G32-G34),0))) -> 16 | H33: =IF(H$3<=$F$30,0,MAX(0,ROUNDUP(H37-(H31+H32-H34),0))) -> 15 | I33: =IF(I$3<=$F$30,0,MAX(0,ROUNDUP(I37-(I31+I32-I34),0))) -> 16 | J33: =IF(J$3<=$F$30,0,MAX(0,ROUNDUP(J37-(J31+J32-J34),0))) -> 19 | ... N33: =IF(N$3<=$F$30,0,MAX(0,ROUNDUP(N37-(N31+N32-N34),0))) -> 21
A34: =$A$30 -> Titanium | B34: Sales (actual, else forecast) | C34: =IF(COUNTIFS(Sales!$B$2:$B$2000,$A30,Sales!$C$2:$C$2000,C$4,Sales!$E$2:$E$2000,"Actual")>0,SUMIFS(Sales!$D$2:$D$2000,Sales!$B$2:$B$2000,$A30,Sales!$C$2:$C$2000,C$4,Sales!$E$2:$E$2000,"Actual"),SUMIFS(Sales!$D$2:$D$2000,Sales!$B$2:$B$2000,$A30,Sales!$C$2:$C$2000,C$4,Sales!$E$2:$E$2000,"Forecast")) -> 20 | D34: =IF(COUNTIFS(Sales!$B$2:$B$2000,$A30,Sales!$C$2:$C$2000,D$4,Sales!$E$2:$E$2000,"Actual")>0,SUMIFS(Sales!$D$2:$D$2000,Sales!$B$2:$B$2000,$A30,Sales!$C$2:$C$2000,D$4,Sales!$E$2:$E$2000,"Actual"),SUMIFS(Sales!$D$2:$D$2000,Sales!$B$2:$B$2000,$A30,Sales!$C$2:$C$2000,D$4,Sales!$E$2:$E$2000,"Forecast")) -> 23 | E34: =IF(COUNTIFS(Sales!$B$2:$B$2000,$A30,Sales!$C$2:$C$2000,E$4,Sales!$E$2:$E$2000,"Actual")>0,SUMIFS(Sales!$D$2:$D$2000,Sales!$B$2:$B$2000,$A30,Sales!$C$2:$C$2000,E$4,Sales!$E$2:$E$2000,"Actual"),SUMIFS(Sales!$D$2:$D$2000,Sales!$B$2:$B$2000,$A30,Sales!$C$2:$C$2000,E$4,Sales!$E$2:$E$2000,"Forecast")) -> 21 | F34: =IF(COUNTIFS(Sales!$B$2:$B$2000,$A30,Sales!$C$2:$C$2000,F$4,Sales!$E$2:$E$2000,"Actual")>0,SUMIFS(Sales!$D$2:$D$2000,Sales!$B$2:$B$2000,$A30,Sales!$C$2:$C$2000,F$4,Sales!$E$2:$E$2000,"Actual"),SUMIFS(Sales!$D$2:$D$2000,Sales!$B$2:$B$2000,$A30,Sales!$C$2:$C$2000,F$4,Sales!$E$2:$E$2000,"Forecast")) -> 24 | G34: =IF(COUNTIFS(Sales!$B$2:$B$2000,$A30,Sales!$C$2:$C$2000,G$4,Sales!$E$2:$E$2000,"Actual")>0,SUMIFS(Sales!$D$2:$D$2000,Sales!$B$2:$B$2000,$A30,Sales!$C$2:$C$2000,G$4,Sales!$E$2:$E$2000,"Actual"),SUMIFS(Sales!$D$2:$D$2000,Sales!$B$2:$B$2000,$A30,Sales!$C$2:$C$2000,G$4,Sales!$E$2:$E$2000,"Forecast")) -> 22 | H34: =IF(COUNTIFS(Sales!$B$2:$B$2000,$A30,Sales!$C$2:$C$2000,H$4,Sales!$E$2:$E$2000,"Actual")>0,SUMIFS(Sales!$D$2:$D$2000,Sales!$B$2:$B$2000,$A30,Sales!$C$2:$C$2000,H$4,Sales!$E$2:$E$2000,"Actual"),SUMIFS(Sales!$D$2:$D$2000,Sales!$B$2:$B$2000,$A30,Sales!$C$2:$C$2000,H$4,Sales!$E$2:$E$2000,"Forecast")) -> 59 | I34: =IF(COUNTIFS(Sales!$B$2:$B$2000,$A30,Sales!$C$2:$C$2000,I$4,Sales!$E$2:$E$2000,"Actual")>0,SUMIFS(Sales!$D$2:$D$2000,Sales!$B$2:$B$2000,$A30,Sales!$C$2:$C$2000,I$4,Sales!$E$2:$E$2000,"Actual"),SUMIFS(Sales!$D$2:$D$2000,Sales!$B$2:$B$2000,$A30,Sales!$C$2:$C$2000,I$4,Sales!$E$2:$E$2000,"Forecast")) -> 18 | J34: =IF(COUNTIFS(Sales!$B$2:$B$2000,$A30,Sales!$C$2:$C$2000,J$4,Sales!$E$2:$E$2000,"Actual")>0,SUMIFS(Sales!$D$2:$D$2000,Sales!$B$2:$B$2000,$A30,Sales!$C$2:$C$2000,J$4,Sales!$E$2:$E$2000,"Actual"),SUMIFS(Sales!$D$2:$D$2000,Sales!$B$2:$B$2000,$A30,Sales!$C$2:$C$2000,J$4,Sales!$E$2:$E$2000,"Forecast")) -> 16 | ... Q34: =IF(COUNTIFS(Sales!$B$2:$B$2000,$A30,Sales!$C$2:$C$2000,Q$4,Sales!$E$2:$E$2000,"Actual")>0,SUMIFS(Sales!$D$2:$D$2000,Sales!$B$2:$B$2000,$A30,Sales!$C$2:$C$2000,Q$4,Sales!$E$2:$E$2000,"Actual"),SUMIFS(Sales!$D$2:$D$2000,Sales!$B$2:$B$2000,$A30,Sales!$C$2:$C$2000,Q$4,Sales!$E$2:$E$2000,"Forecast")) -> 21
A35: =$A$30 -> Titanium | B35: Closing stock | C35: =C31+C32+C33-C34 -> 45 | D35: =D31+D32+D33-D34 -> 45 | E35: =E31+E32+E33-E34 -> 45 | F35: =F31+F32+F33-F34 -> 99 | G35: =G31+G32+G33-G34 -> 93 | H35: =H31+H32+H33-H34 -> 49 | I35: =I31+I32+I33-I34 -> 47 | J35: =J31+J32+J33-J34 -> 50 | ... N35: =N31+N32+N33-N34 -> 64
A36: =$A$30 -> Titanium | B36: Avg sales, next 3 months | C36: =AVERAGE(D34:F34) -> 22.666667 | D36: =AVERAGE(E34:G34) -> 22.333333 | E36: =AVERAGE(F34:H34) -> 35 | F36: =AVERAGE(G34:I34) -> 33 | G36: =AVERAGE(H34:J34) -> 31 | H36: =AVERAGE(I34:K34) -> 16.333333 | I36: =AVERAGE(J34:L34) -> 15.666667 | J36: =AVERAGE(K34:M34) -> 16.666667 | ... N36: =AVERAGE(O34:Q34) -> 21.333333
A37: =$A$30 -> Titanium | B37: Target closing stock | C37: =$D$30*C36 -> 68 | D37: =$D$30*D36 -> 67 | E37: =$D$30*E36 -> 105 | F37: =$D$30*F36 -> 99 | G37: =$D$30*G36 -> 93 | H37: =$D$30*H36 -> 49 | I37: =$D$30*I36 -> 47 | J37: =$D$30*J36 -> 50 | ... N37: =$D$30*N36 -> 64
A38: =$A$30 -> Titanium | B38: Stock cover (months) | C38: =IFERROR(C35/C36,"") -> 1.9852941 | D38: =IFERROR(D35/D36,"") -> 2.0149254 | E38: =IFERROR(E35/E36,"") -> 1.2857143 | F38: =IFERROR(F35/F36,"") -> 3 | G38: =IFERROR(G35/G36,"") -> 3 | H38: =IFERROR(H35/H36,"") -> 3 | I38: =IFERROR(I35/I36,"") -> 3 | J38: =IFERROR(J35/J36,"") -> 3 | ... N38: =IFERROR(N35/N36,"") -> 3
A39: =$A$30 -> Titanium | B39: Proposed order (place this month) | C39: =IF(C$3+$F$30<=12,INDEX($C$33:$N$33,C$3+$F$30),"") -> 78 | D39: =IF(D$3+$F$30<=12,INDEX($C$33:$N$33,D$3+$F$30),"") -> 16 | E39: =IF(E$3+$F$30<=12,INDEX($C$33:$N$33,E$3+$F$30),"") -> 15 | F39: =IF(F$3+$F$30<=12,INDEX($C$33:$N$33,F$3+$F$30),"") -> 16 | G39: =IF(G$3+$F$30<=12,INDEX($C$33:$N$33,G$3+$F$30),"") -> 19 | H39: =IF(H$3+$F$30<=12,INDEX($C$33:$N$33,H$3+$F$30),"") -> 20 | I39: =IF(I$3+$F$30<=12,INDEX($C$33:$N$33,I$3+$F$30),"") -> 20 | J39: =IF(J$3+$F$30<=12,INDEX($C$33:$N$33,J$3+$F$30),"") -> 23 | ... N39: =IF(N$3+$F$30<=12,INDEX($C$33:$N$33,N$3+$F$30),"")
A40: =$A$30 -> Titanium | B40: Orders placed this month | C40: =SUMIFS(Orders!$E$2:$E$2000,Orders!$C$2:$C$2000,$A30,Orders!$D$2:$D$2000,C$4) -> 0 | D40: =SUMIFS(Orders!$E$2:$E$2000,Orders!$C$2:$C$2000,$A30,Orders!$D$2:$D$2000,D$4) -> 0 | E40: =SUMIFS(Orders!$E$2:$E$2000,Orders!$C$2:$C$2000,$A30,Orders!$D$2:$D$2000,E$4) -> 0 | F40: =SUMIFS(Orders!$E$2:$E$2000,Orders!$C$2:$C$2000,$A30,Orders!$D$2:$D$2000,F$4) -> 0 | G40: =SUMIFS(Orders!$E$2:$E$2000,Orders!$C$2:$C$2000,$A30,Orders!$D$2:$D$2000,G$4) -> 0 | H40: =SUMIFS(Orders!$E$2:$E$2000,Orders!$C$2:$C$2000,$A30,Orders!$D$2:$D$2000,H$4) -> 0 | I40: =SUMIFS(Orders!$E$2:$E$2000,Orders!$C$2:$C$2000,$A30,Orders!$D$2:$D$2000,I$4) -> 0 | J40: =SUMIFS(Orders!$E$2:$E$2000,Orders!$C$2:$C$2000,$A30,Orders!$D$2:$D$2000,J$4) -> 0 | ... N40: =SUMIFS(Orders!$E$2:$E$2000,Orders!$C$2:$C$2000,$A30,Orders!$D$2:$D$2000,N$4) -> 0
A42: =INDEX(Settings!$B$2:$B$100,4) -> Big Bend 2-door | B42: =INDEX(Settings!$A$2:$A$100,4)&" - "&A42 -> Bronco - Big Bend 2-door | C42: Target | D42: =INDEX(Settings!$C$2:$C$100,MATCH($A42,Settings!$B$2:$B$100,0)) -> 2 | E42: Lead | F42: =INDEX(Settings!$D$2:$D$100,MATCH($A42,Settings!$B$2:$B$100,0)) -> 3
A43: =$A$42 -> Big Bend 2-door | B43: Opening stock | C43: =SUMIFS('Opening Stock'!$D$2:$D$1000,'Opening Stock'!$B$2:$B$1000,$A42) -> 14 | D43: =C47 -> 14 | E43: =D47 -> 14 | F43: =E47 -> 14 | G43: =F47 -> 12 | H43: =G47 -> 11 | I43: =H47 -> 10 | J43: =I47 -> 10 | K43: =J47 -> 10 | ... N43: =M47 -> 13
A44: =$A$42 -> Big Bend 2-door | B44: Arrivals (orders already placed) | C44: =SUMIFS(Orders!$E$2:$E$2000,Orders!$C$2:$C$2000,$A42,Orders!$H$2:$H$2000,C$4) -> 6 | D44: =SUMIFS(Orders!$E$2:$E$2000,Orders!$C$2:$C$2000,$A42,Orders!$H$2:$H$2000,D$4) -> 7 | E44: =SUMIFS(Orders!$E$2:$E$2000,Orders!$C$2:$C$2000,$A42,Orders!$H$2:$H$2000,E$4) -> 6 | F44: =SUMIFS(Orders!$E$2:$E$2000,Orders!$C$2:$C$2000,$A42,Orders!$H$2:$H$2000,F$4) -> 0 | G44: =SUMIFS(Orders!$E$2:$E$2000,Orders!$C$2:$C$2000,$A42,Orders!$H$2:$H$2000,G$4) -> 0 | H44: =SUMIFS(Orders!$E$2:$E$2000,Orders!$C$2:$C$2000,$A42,Orders!$H$2:$H$2000,H$4) -> 0 | I44: =SUMIFS(Orders!$E$2:$E$2000,Orders!$C$2:$C$2000,$A42,Orders!$H$2:$H$2000,I$4) -> 0 | J44: =SUMIFS(Orders!$E$2:$E$2000,Orders!$C$2:$C$2000,$A42,Orders!$H$2:$H$2000,J$4) -> 0 | ... N44: =SUMIFS(Orders!$E$2:$E$2000,Orders!$C$2:$C$2000,$A42,Orders!$H$2:$H$2000,N$4) -> 0
A45: =$A$42 -> Big Bend 2-door | B45: Proposed arrivals (new orders) | C45: =IF(C$3<=$F$42,0,MAX(0,ROUNDUP(C49-(C43+C44-C46),0))) -> 0 | D45: =IF(D$3<=$F$42,0,MAX(0,ROUNDUP(D49-(D43+D44-D46),0))) -> 0 | E45: =IF(E$3<=$F$42,0,MAX(0,ROUNDUP(E49-(E43+E44-E46),0))) -> 0 | F45: =IF(F$3<=$F$42,0,MAX(0,ROUNDUP(F49-(F43+F44-F46),0))) -> 5 | G45: =IF(G$3<=$F$42,0,MAX(0,ROUNDUP(G49-(G43+G44-G46),0))) -> 6 | H45: =IF(H$3<=$F$42,0,MAX(0,ROUNDUP(H49-(H43+H44-H46),0))) -> 5 | I45: =IF(I$3<=$F$42,0,MAX(0,ROUNDUP(I49-(I43+I44-I46),0))) -> 5 | J45: =IF(J$3<=$F$42,0,MAX(0,ROUNDUP(J49-(J43+J44-J46),0))) -> 5 | ... N45: =IF(N$3<=$F$42,0,MAX(0,ROUNDUP(N49-(N43+N44-N46),0))) -> 6
A46: =$A$42 -> Big Bend 2-door | B46: Sales (actual, else forecast) | C46: =IF(COUNTIFS(Sales!$B$2:$B$2000,$A42,Sales!$C$2:$C$2000,C$4,Sales!$E$2:$E$2000,"Actual")>0,SUMIFS(Sales!$D$2:$D$2000,Sales!$B$2:$B$2000,$A42,Sales!$C$2:$C$2000,C$4,Sales!$E$2:$E$2000,"Actual"),SUMIFS(Sales!$D$2:$D$2000,Sales!$B$2:$B$2000,$A42,Sales!$C$2:$C$2000,C$4,Sales!$E$2:$E$2000,"Forecast")) -> 6 | D46: =IF(COUNTIFS(Sales!$B$2:$B$2000,$A42,Sales!$C$2:$C$2000,D$4,Sales!$E$2:$E$2000,"Actual")>0,SUMIFS(Sales!$D$2:$D$2000,Sales!$B$2:$B$2000,$A42,Sales!$C$2:$C$2000,D$4,Sales!$E$2:$E$2000,"Actual"),SUMIFS(Sales!$D$2:$D$2000,Sales!$B$2:$B$2000,$A42,Sales!$C$2:$C$2000,D$4,Sales!$E$2:$E$2000,"Forecast")) -> 7 | E46: =IF(COUNTIFS(Sales!$B$2:$B$2000,$A42,Sales!$C$2:$C$2000,E$4,Sales!$E$2:$E$2000,"Actual")>0,SUMIFS(Sales!$D$2:$D$2000,Sales!$B$2:$B$2000,$A42,Sales!$C$2:$C$2000,E$4,Sales!$E$2:$E$2000,"Actual"),SUMIFS(Sales!$D$2:$D$2000,Sales!$B$2:$B$2000,$A42,Sales!$C$2:$C$2000,E$4,Sales!$E$2:$E$2000,"Forecast")) -> 6 | F46: =IF(COUNTIFS(Sales!$B$2:$B$2000,$A42,Sales!$C$2:$C$2000,F$4,Sales!$E$2:$E$2000,"Actual")>0,SUMIFS(Sales!$D$2:$D$2000,Sales!$B$2:$B$2000,$A42,Sales!$C$2:$C$2000,F$4,Sales!$E$2:$E$2000,"Actual"),SUMIFS(Sales!$D$2:$D$2000,Sales!$B$2:$B$2000,$A42,Sales!$C$2:$C$2000,F$4,Sales!$E$2:$E$2000,"Forecast")) -> 7 | G46: =IF(COUNTIFS(Sales!$B$2:$B$2000,$A42,Sales!$C$2:$C$2000,G$4,Sales!$E$2:$E$2000,"Actual")>0,SUMIFS(Sales!$D$2:$D$2000,Sales!$B$2:$B$2000,$A42,Sales!$C$2:$C$2000,G$4,Sales!$E$2:$E$2000,"Actual"),SUMIFS(Sales!$D$2:$D$2000,Sales!$B$2:$B$2000,$A42,Sales!$C$2:$C$2000,G$4,Sales!$E$2:$E$2000,"Forecast")) -> 7 | H46: =IF(COUNTIFS(Sales!$B$2:$B$2000,$A42,Sales!$C$2:$C$2000,H$4,Sales!$E$2:$E$2000,"Actual")>0,SUMIFS(Sales!$D$2:$D$2000,Sales!$B$2:$B$2000,$A42,Sales!$C$2:$C$2000,H$4,Sales!$E$2:$E$2000,"Actual"),SUMIFS(Sales!$D$2:$D$2000,Sales!$B$2:$B$2000,$A42,Sales!$C$2:$C$2000,H$4,Sales!$E$2:$E$2000,"Forecast")) -> 6 | I46: =IF(COUNTIFS(Sales!$B$2:$B$2000,$A42,Sales!$C$2:$C$2000,I$4,Sales!$E$2:$E$2000,"Actual")>0,SUMIFS(Sales!$D$2:$D$2000,Sales!$B$2:$B$2000,$A42,Sales!$C$2:$C$2000,I$4,Sales!$E$2:$E$2000,"Actual"),SUMIFS(Sales!$D$2:$D$2000,Sales!$B$2:$B$2000,$A42,Sales!$C$2:$C$2000,I$4,Sales!$E$2:$E$2000,"Forecast")) -> 5 | J46: =IF(COUNTIFS(Sales!$B$2:$B$2000,$A42,Sales!$C$2:$C$2000,J$4,Sales!$E$2:$E$2000,"Actual")>0,SUMIFS(Sales!$D$2:$D$2000,Sales!$B$2:$B$2000,$A42,Sales!$C$2:$C$2000,J$4,Sales!$E$2:$E$2000,"Actual"),SUMIFS(Sales!$D$2:$D$2000,Sales!$B$2:$B$2000,$A42,Sales!$C$2:$C$2000,J$4,Sales!$E$2:$E$2000,"Forecast")) -> 5 | ... Q46: =IF(COUNTIFS(Sales!$B$2:$B$2000,$A42,Sales!$C$2:$C$2000,Q$4,Sales!$E$2:$E$2000,"Actual")>0,SUMIFS(Sales!$D$2:$D$2000,Sales!$B$2:$B$2000,$A42,Sales!$C$2:$C$2000,Q$4,Sales!$E$2:$E$2000,"Actual"),SUMIFS(Sales!$D$2:$D$2000,Sales!$B$2:$B$2000,$A42,Sales!$C$2:$C$2000,Q$4,Sales!$E$2:$E$2000,"Forecast")) -> 6
A47: =$A$42 -> Big Bend 2-door | B47: Closing stock | C47: =C43+C44+C45-C46 -> 14 | D47: =D43+D44+D45-D46 -> 14 | E47: =E43+E44+E45-E46 -> 14 | F47: =F43+F44+F45-F46 -> 12 | G47: =G43+G44+G45-G46 -> 11 | H47: =H43+H44+H45-H46 -> 10 | I47: =I43+I44+I45-I46 -> 10 | J47: =J43+J44+J45-J46 -> 10 | ... N47: =N43+N44+N45-N46 -> 13
A48: =$A$42 -> Big Bend 2-door | B48: Avg sales, next 3 months | C48: =AVERAGE(D46:F46) -> 6.6666667 | D48: =AVERAGE(E46:G46) -> 6.6666667 | E48: =AVERAGE(F46:H46) -> 6.6666667 | F48: =AVERAGE(G46:I46) -> 6 | G48: =AVERAGE(H46:J46) -> 5.3333333 | H48: =AVERAGE(I46:K46) -> 4.6666667 | I48: =AVERAGE(J46:L46) -> 4.6666667 | J48: =AVERAGE(K46:M46) -> 5 | ... N48: =AVERAGE(O46:Q46) -> 6.3333333
A49: =$A$42 -> Big Bend 2-door | B49: Target closing stock | C49: =$D$42*C48 -> 13.333333 | D49: =$D$42*D48 -> 13.333333 | E49: =$D$42*E48 -> 13.333333 | F49: =$D$42*F48 -> 12 | G49: =$D$42*G48 -> 10.666667 | H49: =$D$42*H48 -> 9.3333333 | I49: =$D$42*I48 -> 9.3333333 | J49: =$D$42*J48 -> 10 | ... N49: =$D$42*N48 -> 12.666667
A50: =$A$42 -> Big Bend 2-door | B50: Stock cover (months) | C50: =IFERROR(C47/C48,"") -> 2.1 | D50: =IFERROR(D47/D48,"") -> 2.1 | E50: =IFERROR(E47/E48,"") -> 2.1 | F50: =IFERROR(F47/F48,"") -> 2 | G50: =IFERROR(G47/G48,"") -> 2.0625 | H50: =IFERROR(H47/H48,"") -> 2.1428571 | I50: =IFERROR(I47/I48,"") -> 2.1428571 | J50: =IFERROR(J47/J48,"") -> 2 | ... N50: =IFERROR(N47/N48,"") -> 2.0526316
A51: =$A$42 -> Big Bend 2-door | B51: Proposed order (place this month) | C51: =IF(C$3+$F$42<=12,INDEX($C$45:$N$45,C$3+$F$42),"") -> 5 | D51: =IF(D$3+$F$42<=12,INDEX($C$45:$N$45,D$3+$F$42),"") -> 6 | E51: =IF(E$3+$F$42<=12,INDEX($C$45:$N$45,E$3+$F$42),"") -> 5 | F51: =IF(F$3+$F$42<=12,INDEX($C$45:$N$45,F$3+$F$42),"") -> 5 | G51: =IF(G$3+$F$42<=12,INDEX($C$45:$N$45,G$3+$F$42),"") -> 5 | H51: =IF(H$3+$F$42<=12,INDEX($C$45:$N$45,H$3+$F$42),"") -> 6 | I51: =IF(I$3+$F$42<=12,INDEX($C$45:$N$45,I$3+$F$42),"") -> 5 | J51: =IF(J$3+$F$42<=12,INDEX($C$45:$N$45,J$3+$F$42),"") -> 7 | ... N51: =IF(N$3+$F$42<=12,INDEX($C$45:$N$45,N$3+$F$42),"")
A52: =$A$42 -> Big Bend 2-door | B52: Orders placed this month | C52: =SUMIFS(Orders!$E$2:$E$2000,Orders!$C$2:$C$2000,$A42,Orders!$D$2:$D$2000,C$4) -> 0 | D52: =SUMIFS(Orders!$E$2:$E$2000,Orders!$C$2:$C$2000,$A42,Orders!$D$2:$D$2000,D$4) -> 0 | E52: =SUMIFS(Orders!$E$2:$E$2000,Orders!$C$2:$C$2000,$A42,Orders!$D$2:$D$2000,E$4) -> 0 | F52: =SUMIFS(Orders!$E$2:$E$2000,Orders!$C$2:$C$2000,$A42,Orders!$D$2:$D$2000,F$4) -> 0 | G52: =SUMIFS(Orders!$E$2:$E$2000,Orders!$C$2:$C$2000,$A42,Orders!$D$2:$D$2000,G$4) -> 0 | H52: =SUMIFS(Orders!$E$2:$E$2000,Orders!$C$2:$C$2000,$A42,Orders!$D$2:$D$2000,H$4) -> 0 | I52: =SUMIFS(Orders!$E$2:$E$2000,Orders!$C$2:$C$2000,$A42,Orders!$D$2:$D$2000,I$4) -> 0 | J52: =SUMIFS(Orders!$E$2:$E$2000,Orders!$C$2:$C$2000,$A42,Orders!$D$2:$D$2000,J$4) -> 0 | ... N52: =SUMIFS(Orders!$E$2:$E$2000,Orders!$C$2:$C$2000,$A42,Orders!$D$2:$D$2000,N$4) -> 0
A54: =INDEX(Settings!$B$2:$B$100,5) -> Big Bend 4-door | B54: =INDEX(Settings!$A$2:$A$100,5)&" - "&A54 -> Bronco - Big Bend 4-door | C54: Target | D54: =INDEX(Settings!$C$2:$C$100,MATCH($A54,Settings!$B$2:$B$100,0)) -> 2 | E54: Lead | F54: =INDEX(Settings!$D$2:$D$100,MATCH($A54,Settings!$B$2:$B$100,0)) -> 3
A55: =$A$54 -> Big Bend 4-door | B55: Opening stock | C55: =SUMIFS('Opening Stock'!$D$2:$D$1000,'Opening Stock'!$B$2:$B$1000,$A54) -> 25 | D55: =C59 -> 25 | E55: =D59 -> 25 | F55: =E59 -> 25 | G55: =F59 -> 20 | H55: =G59 -> 18 | I55: =H59 -> 17 | J55: =I59 -> 16 | K55: =J59 -> 18 | ... N55: =M59 -> 22
A56: =$A$54 -> Big Bend 4-door | B56: Arrivals (orders already placed) | C56: =SUMIFS(Orders!$E$2:$E$2000,Orders!$C$2:$C$2000,$A54,Orders!$H$2:$H$2000,C$4) -> 10 | D56: =SUMIFS(Orders!$E$2:$E$2000,Orders!$C$2:$C$2000,$A54,Orders!$H$2:$H$2000,D$4) -> 12 | E56: =SUMIFS(Orders!$E$2:$E$2000,Orders!$C$2:$C$2000,$A54,Orders!$H$2:$H$2000,E$4) -> 10 | F56: =SUMIFS(Orders!$E$2:$E$2000,Orders!$C$2:$C$2000,$A54,Orders!$H$2:$H$2000,F$4) -> 0 | G56: =SUMIFS(Orders!$E$2:$E$2000,Orders!$C$2:$C$2000,$A54,Orders!$H$2:$H$2000,G$4) -> 0 | H56: =SUMIFS(Orders!$E$2:$E$2000,Orders!$C$2:$C$2000,$A54,Orders!$H$2:$H$2000,H$4) -> 0 | I56: =SUMIFS(Orders!$E$2:$E$2000,Orders!$C$2:$C$2000,$A54,Orders!$H$2:$H$2000,I$4) -> 0 | J56: =SUMIFS(Orders!$E$2:$E$2000,Orders!$C$2:$C$2000,$A54,Orders!$H$2:$H$2000,J$4) -> 0 | ... N56: =SUMIFS(Orders!$E$2:$E$2000,Orders!$C$2:$C$2000,$A54,Orders!$H$2:$H$2000,N$4) -> 0
A57: =$A$54 -> Big Bend 4-door | B57: Proposed arrivals (new orders) | C57: =IF(C$3<=$F$54,0,MAX(0,ROUNDUP(C61-(C55+C56-C58),0))) -> 0 | D57: =IF(D$3<=$F$54,0,MAX(0,ROUNDUP(D61-(D55+D56-D58),0))) -> 0 | E57: =IF(E$3<=$F$54,0,MAX(0,ROUNDUP(E61-(E55+E56-E58),0))) -> 0 | F57: =IF(F$3<=$F$54,0,MAX(0,ROUNDUP(F61-(F55+F56-F58),0))) -> 7 | G57: =IF(G$3<=$F$54,0,MAX(0,ROUNDUP(G61-(G55+G56-G58),0))) -> 9 | H57: =IF(H$3<=$F$54,0,MAX(0,ROUNDUP(H61-(H55+H56-H58),0))) -> 9 | I57: =IF(I$3<=$F$54,0,MAX(0,ROUNDUP(I61-(I55+I56-I58),0))) -> 8 | J57: =IF(J$3<=$F$54,0,MAX(0,ROUNDUP(J61-(J55+J56-J58),0))) -> 10 | ... N57: =IF(N$3<=$F$54,0,MAX(0,ROUNDUP(N61-(N55+N56-N58),0))) -> 10
A58: =$A$54 -> Big Bend 4-door | B58: Sales (actual, else forecast) | C58: =IF(COUNTIFS(Sales!$B$2:$B$2000,$A54,Sales!$C$2:$C$2000,C$4,Sales!$E$2:$E$2000,"Actual")>0,SUMIFS(Sales!$D$2:$D$2000,Sales!$B$2:$B$2000,$A54,Sales!$C$2:$C$2000,C$4,Sales!$E$2:$E$2000,"Actual"),SUMIFS(Sales!$D$2:$D$2000,Sales!$B$2:$B$2000,$A54,Sales!$C$2:$C$2000,C$4,Sales!$E$2:$E$2000,"Forecast")) -> 10 | D58: =IF(COUNTIFS(Sales!$B$2:$B$2000,$A54,Sales!$C$2:$C$2000,D$4,Sales!$E$2:$E$2000,"Actual")>0,SUMIFS(Sales!$D$2:$D$2000,Sales!$B$2:$B$2000,$A54,Sales!$C$2:$C$2000,D$4,Sales!$E$2:$E$2000,"Actual"),SUMIFS(Sales!$D$2:$D$2000,Sales!$B$2:$B$2000,$A54,Sales!$C$2:$C$2000,D$4,Sales!$E$2:$E$2000,"Forecast")) -> 12 | E58: =IF(COUNTIFS(Sales!$B$2:$B$2000,$A54,Sales!$C$2:$C$2000,E$4,Sales!$E$2:$E$2000,"Actual")>0,SUMIFS(Sales!$D$2:$D$2000,Sales!$B$2:$B$2000,$A54,Sales!$C$2:$C$2000,E$4,Sales!$E$2:$E$2000,"Actual"),SUMIFS(Sales!$D$2:$D$2000,Sales!$B$2:$B$2000,$A54,Sales!$C$2:$C$2000,E$4,Sales!$E$2:$E$2000,"Forecast")) -> 10 | F58: =IF(COUNTIFS(Sales!$B$2:$B$2000,$A54,Sales!$C$2:$C$2000,F$4,Sales!$E$2:$E$2000,"Actual")>0,SUMIFS(Sales!$D$2:$D$2000,Sales!$B$2:$B$2000,$A54,Sales!$C$2:$C$2000,F$4,Sales!$E$2:$E$2000,"Actual"),SUMIFS(Sales!$D$2:$D$2000,Sales!$B$2:$B$2000,$A54,Sales!$C$2:$C$2000,F$4,Sales!$E$2:$E$2000,"Forecast")) -> 12 | G58: =IF(COUNTIFS(Sales!$B$2:$B$2000,$A54,Sales!$C$2:$C$2000,G$4,Sales!$E$2:$E$2000,"Actual")>0,SUMIFS(Sales!$D$2:$D$2000,Sales!$B$2:$B$2000,$A54,Sales!$C$2:$C$2000,G$4,Sales!$E$2:$E$2000,"Actual"),SUMIFS(Sales!$D$2:$D$2000,Sales!$B$2:$B$2000,$A54,Sales!$C$2:$C$2000,G$4,Sales!$E$2:$E$2000,"Forecast")) -> 11 | H58: =IF(COUNTIFS(Sales!$B$2:$B$2000,$A54,Sales!$C$2:$C$2000,H$4,Sales!$E$2:$E$2000,"Actual")>0,SUMIFS(Sales!$D$2:$D$2000,Sales!$B$2:$B$2000,$A54,Sales!$C$2:$C$2000,H$4,Sales!$E$2:$E$2000,"Actual"),SUMIFS(Sales!$D$2:$D$2000,Sales!$B$2:$B$2000,$A54,Sales!$C$2:$C$2000,H$4,Sales!$E$2:$E$2000,"Forecast")) -> 10 | I58: =IF(COUNTIFS(Sales!$B$2:$B$2000,$A54,Sales!$C$2:$C$2000,I$4,Sales!$E$2:$E$2000,"Actual")>0,SUMIFS(Sales!$D$2:$D$2000,Sales!$B$2:$B$2000,$A54,Sales!$C$2:$C$2000,I$4,Sales!$E$2:$E$2000,"Actual"),SUMIFS(Sales!$D$2:$D$2000,Sales!$B$2:$B$2000,$A54,Sales!$C$2:$C$2000,I$4,Sales!$E$2:$E$2000,"Forecast")) -> 9 | J58: =IF(COUNTIFS(Sales!$B$2:$B$2000,$A54,Sales!$C$2:$C$2000,J$4,Sales!$E$2:$E$2000,"Actual")>0,SUMIFS(Sales!$D$2:$D$2000,Sales!$B$2:$B$2000,$A54,Sales!$C$2:$C$2000,J$4,Sales!$E$2:$E$2000,"Actual"),SUMIFS(Sales!$D$2:$D$2000,Sales!$B$2:$B$2000,$A54,Sales!$C$2:$C$2000,J$4,Sales!$E$2:$E$2000,"Forecast")) -> 8 | ... Q58: =IF(COUNTIFS(Sales!$B$2:$B$2000,$A54,Sales!$C$2:$C$2000,Q$4,Sales!$E$2:$E$2000,"Actual")>0,SUMIFS(Sales!$D$2:$D$2000,Sales!$B$2:$B$2000,$A54,Sales!$C$2:$C$2000,Q$4,Sales!$E$2:$E$2000,"Actual"),SUMIFS(Sales!$D$2:$D$2000,Sales!$B$2:$B$2000,$A54,Sales!$C$2:$C$2000,Q$4,Sales!$E$2:$E$2000,"Forecast")) -> 10
A59: =$A$54 -> Big Bend 4-door | B59: Closing stock | C59: =C55+C56+C57-C58 -> 25 | D59: =D55+D56+D57-D58 -> 25 | E59: =E55+E56+E57-E58 -> 25 | F59: =F55+F56+F57-F58 -> 20 | G59: =G55+G56+G57-G58 -> 18 | H59: =H55+H56+H57-H58 -> 17 | I59: =I55+I56+I57-I58 -> 16 | J59: =J55+J56+J57-J58 -> 18 | ... N59: =N55+N56+N57-N58 -> 22
A60: =$A$54 -> Big Bend 4-door | B60: Avg sales, next 3 months | C60: =AVERAGE(D58:F58) -> 11.333333 | D60: =AVERAGE(E58:G58) -> 11 | E60: =AVERAGE(F58:H58) -> 11 | F60: =AVERAGE(G58:I58) -> 10 | G60: =AVERAGE(H58:J58) -> 9 | H60: =AVERAGE(I58:K58) -> 8.3333333 | I60: =AVERAGE(J58:L58) -> 8 | J60: =AVERAGE(K58:M58) -> 8.6666667 | ... N60: =AVERAGE(O58:Q58) -> 10.666667
A61: =$A$54 -> Big Bend 4-door | B61: Target closing stock | C61: =$D$54*C60 -> 22.666667 | D61: =$D$54*D60 -> 22 | E61: =$D$54*E60 -> 22 | F61: =$D$54*F60 -> 20 | G61: =$D$54*G60 -> 18 | H61: =$D$54*H60 -> 16.666667 | I61: =$D$54*I60 -> 16 | J61: =$D$54*J60 -> 17.333333 | ... N61: =$D$54*N60 -> 21.333333
A62: =$A$54 -> Big Bend 4-door | B62: Stock cover (months) | C62: =IFERROR(C59/C60,"") -> 2.2058824 | D62: =IFERROR(D59/D60,"") -> 2.2727273 | E62: =IFERROR(E59/E60,"") -> 2.2727273 | F62: =IFERROR(F59/F60,"") -> 2 | G62: =IFERROR(G59/G60,"") -> 2 | H62: =IFERROR(H59/H60,"") -> 2.04 | I62: =IFERROR(I59/I60,"") -> 2 | J62: =IFERROR(J59/J60,"") -> 2.0769231 | ... N62: =IFERROR(N59/N60,"") -> 2.0625
A63: =$A$54 -> Big Bend 4-door | B63: Proposed order (place this month) | C63: =IF(C$3+$F$54<=12,INDEX($C$57:$N$57,C$3+$F$54),"") -> 7 | D63: =IF(D$3+$F$54<=12,INDEX($C$57:$N$57,D$3+$F$54),"") -> 9 | E63: =IF(E$3+$F$54<=12,INDEX($C$57:$N$57,E$3+$F$54),"") -> 9 | F63: =IF(F$3+$F$54<=12,INDEX($C$57:$N$57,F$3+$F$54),"") -> 8 | G63: =IF(G$3+$F$54<=12,INDEX($C$57:$N$57,G$3+$F$54),"") -> 10 | H63: =IF(H$3+$F$54<=12,INDEX($C$57:$N$57,H$3+$F$54),"") -> 9 | I63: =IF(I$3+$F$54<=12,INDEX($C$57:$N$57,I$3+$F$54),"") -> 9 | J63: =IF(J$3+$F$54<=12,INDEX($C$57:$N$57,J$3+$F$54),"") -> 12 | ... N63: =IF(N$3+$F$54<=12,INDEX($C$57:$N$57,N$3+$F$54),"")
A64: =$A$54 -> Big Bend 4-door | B64: Orders placed this month | C64: =SUMIFS(Orders!$E$2:$E$2000,Orders!$C$2:$C$2000,$A54,Orders!$D$2:$D$2000,C$4) -> 0 | D64: =SUMIFS(Orders!$E$2:$E$2000,Orders!$C$2:$C$2000,$A54,Orders!$D$2:$D$2000,D$4) -> 0 | E64: =SUMIFS(Orders!$E$2:$E$2000,Orders!$C$2:$C$2000,$A54,Orders!$D$2:$D$2000,E$4) -> 0 | F64: =SUMIFS(Orders!$E$2:$E$2000,Orders!$C$2:$C$2000,$A54,Orders!$D$2:$D$2000,F$4) -> 0 | G64: =SUMIFS(Orders!$E$2:$E$2000,Orders!$C$2:$C$2000,$A54,Orders!$D$2:$D$2000,G$4) -> 0 | H64: =SUMIFS(Orders!$E$2:$E$2000,Orders!$C$2:$C$2000,$A54,Orders!$D$2:$D$2000,H$4) -> 0 | I64: =SUMIFS(Orders!$E$2:$E$2000,Orders!$C$2:$C$2000,$A54,Orders!$D$2:$D$2000,I$4) -> 0 | J64: =SUMIFS(Orders!$E$2:$E$2000,Orders!$C$2:$C$2000,$A54,Orders!$D$2:$D$2000,J$4) -> 0 | ... N64: =SUMIFS(Orders!$E$2:$E$2000,Orders!$C$2:$C$2000,$A54,Orders!$D$2:$D$2000,N$4) -> 0
A66: =INDEX(Settings!$B$2:$B$100,6) -> Outer Banks | B66: =INDEX(Settings!$A$2:$A$100,6)&" - "&A66 -> Bronco - Outer Banks | C66: Target | D66: =INDEX(Settings!$C$2:$C$100,MATCH($A66,Settings!$B$2:$B$100,0)) -> 2 | E66: Lead | F66: =INDEX(Settings!$D$2:$D$100,MATCH($A66,Settings!$B$2:$B$100,0)) -> 3
A67: =$A$66 -> Outer Banks | B67: Opening stock | C67: =SUMIFS('Opening Stock'!$D$2:$D$1000,'Opening Stock'!$B$2:$B$1000,$A66) -> 19 | D67: =C71 -> 19 | E67: =D71 -> 19 | F67: =E71 -> 19 | G67: =F71 -> 16 | H67: =G71 -> 14 | I67: =H71 -> 13 | J67: =I71 -> 12 | K67: =J71 -> 14 | ... N67: =M71 -> 17
A68: =$A$66 -> Outer Banks | B68: Arrivals (orders already placed) | C68: =SUMIFS(Orders!$E$2:$E$2000,Orders!$C$2:$C$2000,$A66,Orders!$H$2:$H$2000,C$4) -> 8 | D68: =SUMIFS(Orders!$E$2:$E$2000,Orders!$C$2:$C$2000,$A66,Orders!$H$2:$H$2000,D$4) -> 9 | E68: =SUMIFS(Orders!$E$2:$E$2000,Orders!$C$2:$C$2000,$A66,Orders!$H$2:$H$2000,E$4) -> 8 | F68: =SUMIFS(Orders!$E$2:$E$2000,Orders!$C$2:$C$2000,$A66,Orders!$H$2:$H$2000,F$4) -> 0 | G68: =SUMIFS(Orders!$E$2:$E$2000,Orders!$C$2:$C$2000,$A66,Orders!$H$2:$H$2000,G$4) -> 0 | H68: =SUMIFS(Orders!$E$2:$E$2000,Orders!$C$2:$C$2000,$A66,Orders!$H$2:$H$2000,H$4) -> 0 | I68: =SUMIFS(Orders!$E$2:$E$2000,Orders!$C$2:$C$2000,$A66,Orders!$H$2:$H$2000,I$4) -> 0 | J68: =SUMIFS(Orders!$E$2:$E$2000,Orders!$C$2:$C$2000,$A66,Orders!$H$2:$H$2000,J$4) -> 0 | ... N68: =SUMIFS(Orders!$E$2:$E$2000,Orders!$C$2:$C$2000,$A66,Orders!$H$2:$H$2000,N$4) -> 0
A69: =$A$66 -> Outer Banks | B69: Proposed arrivals (new orders) | C69: =IF(C$3<=$F$66,0,MAX(0,ROUNDUP(C73-(C67+C68-C70),0))) -> 0 | D69: =IF(D$3<=$F$66,0,MAX(0,ROUNDUP(D73-(D67+D68-D70),0))) -> 0 | E69: =IF(E$3<=$F$66,0,MAX(0,ROUNDUP(E73-(E67+E68-E70),0))) -> 0 | F69: =IF(F$3<=$F$66,0,MAX(0,ROUNDUP(F73-(F67+F68-F70),0))) -> 7 | G69: =IF(G$3<=$F$66,0,MAX(0,ROUNDUP(G73-(G67+G68-G70),0))) -> 7 | H69: =IF(H$3<=$F$66,0,MAX(0,ROUNDUP(H73-(H67+H68-H70),0))) -> 7 | I69: =IF(I$3<=$F$66,0,MAX(0,ROUNDUP(I73-(I67+I68-I70),0))) -> 6 | J69: =IF(J$3<=$F$66,0,MAX(0,ROUNDUP(J73-(J67+J68-J70),0))) -> 8 | ... N69: =IF(N$3<=$F$66,0,MAX(0,ROUNDUP(N73-(N67+N68-N70),0))) -> 8
A70: =$A$66 -> Outer Banks | B70: Sales (actual, else forecast) | C70: =IF(COUNTIFS(Sales!$B$2:$B$2000,$A66,Sales!$C$2:$C$2000,C$4,Sales!$E$2:$E$2000,"Actual")>0,SUMIFS(Sales!$D$2:$D$2000,Sales!$B$2:$B$2000,$A66,Sales!$C$2:$C$2000,C$4,Sales!$E$2:$E$2000,"Actual"),SUMIFS(Sales!$D$2:$D$2000,Sales!$B$2:$B$2000,$A66,Sales!$C$2:$C$2000,C$4,Sales!$E$2:$E$2000,"Forecast")) -> 8 | D70: =IF(COUNTIFS(Sales!$B$2:$B$2000,$A66,Sales!$C$2:$C$2000,D$4,Sales!$E$2:$E$2000,"Actual")>0,SUMIFS(Sales!$D$2:$D$2000,Sales!$B$2:$B$2000,$A66,Sales!$C$2:$C$2000,D$4,Sales!$E$2:$E$2000,"Actual"),SUMIFS(Sales!$D$2:$D$2000,Sales!$B$2:$B$2000,$A66,Sales!$C$2:$C$2000,D$4,Sales!$E$2:$E$2000,"Forecast")) -> 9 | E70: =IF(COUNTIFS(Sales!$B$2:$B$2000,$A66,Sales!$C$2:$C$2000,E$4,Sales!$E$2:$E$2000,"Actual")>0,SUMIFS(Sales!$D$2:$D$2000,Sales!$B$2:$B$2000,$A66,Sales!$C$2:$C$2000,E$4,Sales!$E$2:$E$2000,"Actual"),SUMIFS(Sales!$D$2:$D$2000,Sales!$B$2:$B$2000,$A66,Sales!$C$2:$C$2000,E$4,Sales!$E$2:$E$2000,"Forecast")) -> 8 | F70: =IF(COUNTIFS(Sales!$B$2:$B$2000,$A66,Sales!$C$2:$C$2000,F$4,Sales!$E$2:$E$2000,"Actual")>0,SUMIFS(Sales!$D$2:$D$2000,Sales!$B$2:$B$2000,$A66,Sales!$C$2:$C$2000,F$4,Sales!$E$2:$E$2000,"Actual"),SUMIFS(Sales!$D$2:$D$2000,Sales!$B$2:$B$2000,$A66,Sales!$C$2:$C$2000,F$4,Sales!$E$2:$E$2000,"Forecast")) -> 10 | G70: =IF(COUNTIFS(Sales!$B$2:$B$2000,$A66,Sales!$C$2:$C$2000,G$4,Sales!$E$2:$E$2000,"Actual")>0,SUMIFS(Sales!$D$2:$D$2000,Sales!$B$2:$B$2000,$A66,Sales!$C$2:$C$2000,G$4,Sales!$E$2:$E$2000,"Actual"),SUMIFS(Sales!$D$2:$D$2000,Sales!$B$2:$B$2000,$A66,Sales!$C$2:$C$2000,G$4,Sales!$E$2:$E$2000,"Forecast")) -> 9 | H70: =IF(COUNTIFS(Sales!$B$2:$B$2000,$A66,Sales!$C$2:$C$2000,H$4,Sales!$E$2:$E$2000,"Actual")>0,SUMIFS(Sales!$D$2:$D$2000,Sales!$B$2:$B$2000,$A66,Sales!$C$2:$C$2000,H$4,Sales!$E$2:$E$2000,"Actual"),SUMIFS(Sales!$D$2:$D$2000,Sales!$B$2:$B$2000,$A66,Sales!$C$2:$C$2000,H$4,Sales!$E$2:$E$2000,"Forecast")) -> 8 | I70: =IF(COUNTIFS(Sales!$B$2:$B$2000,$A66,Sales!$C$2:$C$2000,I$4,Sales!$E$2:$E$2000,"Actual")>0,SUMIFS(Sales!$D$2:$D$2000,Sales!$B$2:$B$2000,$A66,Sales!$C$2:$C$2000,I$4,Sales!$E$2:$E$2000,"Actual"),SUMIFS(Sales!$D$2:$D$2000,Sales!$B$2:$B$2000,$A66,Sales!$C$2:$C$2000,I$4,Sales!$E$2:$E$2000,"Forecast")) -> 7 | J70: =IF(COUNTIFS(Sales!$B$2:$B$2000,$A66,Sales!$C$2:$C$2000,J$4,Sales!$E$2:$E$2000,"Actual")>0,SUMIFS(Sales!$D$2:$D$2000,Sales!$B$2:$B$2000,$A66,Sales!$C$2:$C$2000,J$4,Sales!$E$2:$E$2000,"Actual"),SUMIFS(Sales!$D$2:$D$2000,Sales!$B$2:$B$2000,$A66,Sales!$C$2:$C$2000,J$4,Sales!$E$2:$E$2000,"Forecast")) -> 6 | ... Q70: =IF(COUNTIFS(Sales!$B$2:$B$2000,$A66,Sales!$C$2:$C$2000,Q$4,Sales!$E$2:$E$2000,"Actual")>0,SUMIFS(Sales!$D$2:$D$2000,Sales!$B$2:$B$2000,$A66,Sales!$C$2:$C$2000,Q$4,Sales!$E$2:$E$2000,"Actual"),SUMIFS(Sales!$D$2:$D$2000,Sales!$B$2:$B$2000,$A66,Sales!$C$2:$C$2000,Q$4,Sales!$E$2:$E$2000,"Forecast")) -> 8
A71: =$A$66 -> Outer Banks | B71: Closing stock | C71: =C67+C68+C69-C70 -> 19 | D71: =D67+D68+D69-D70 -> 19 | E71: =E67+E68+E69-E70 -> 19 | F71: =F67+F68+F69-F70 -> 16 | G71: =G67+G68+G69-G70 -> 14 | H71: =H67+H68+H69-H70 -> 13 | I71: =I67+I68+I69-I70 -> 12 | J71: =J67+J68+J69-J70 -> 14 | ... N71: =N67+N68+N69-N70 -> 17
A72: =$A$66 -> Outer Banks | B72: Avg sales, next 3 months | C72: =AVERAGE(D70:F70) -> 9 | D72: =AVERAGE(E70:G70) -> 9 | E72: =AVERAGE(F70:H70) -> 9 | F72: =AVERAGE(G70:I70) -> 8 | G72: =AVERAGE(H70:J70) -> 7 | H72: =AVERAGE(I70:K70) -> 6.3333333 | I72: =AVERAGE(J70:L70) -> 6 | J72: =AVERAGE(K70:M70) -> 6.6666667 | ... N72: =AVERAGE(O70:Q70) -> 8.3333333
A73: =$A$66 -> Outer Banks | B73: Target closing stock | C73: =$D$66*C72 -> 18 | D73: =$D$66*D72 -> 18 | E73: =$D$66*E72 -> 18 | F73: =$D$66*F72 -> 16 | G73: =$D$66*G72 -> 14 | H73: =$D$66*H72 -> 12.666667 | I73: =$D$66*I72 -> 12 | J73: =$D$66*J72 -> 13.333333 | ... N73: =$D$66*N72 -> 16.666667
A74: =$A$66 -> Outer Banks | B74: Stock cover (months) | C74: =IFERROR(C71/C72,"") -> 2.1111111 | D74: =IFERROR(D71/D72,"") -> 2.1111111 | E74: =IFERROR(E71/E72,"") -> 2.1111111 | F74: =IFERROR(F71/F72,"") -> 2 | G74: =IFERROR(G71/G72,"") -> 2 | H74: =IFERROR(H71/H72,"") -> 2.0526316 | I74: =IFERROR(I71/I72,"") -> 2 | J74: =IFERROR(J71/J72,"") -> 2.1 | ... N74: =IFERROR(N71/N72,"") -> 2.04
A75: =$A$66 -> Outer Banks | B75: Proposed order (place this month) | C75: =IF(C$3+$F$66<=12,INDEX($C$69:$N$69,C$3+$F$66),"") -> 7 | D75: =IF(D$3+$F$66<=12,INDEX($C$69:$N$69,D$3+$F$66),"") -> 7 | E75: =IF(E$3+$F$66<=12,INDEX($C$69:$N$69,E$3+$F$66),"") -> 7 | F75: =IF(F$3+$F$66<=12,INDEX($C$69:$N$69,F$3+$F$66),"") -> 6 | G75: =IF(G$3+$F$66<=12,INDEX($C$69:$N$69,G$3+$F$66),"") -> 8 | H75: =IF(H$3+$F$66<=12,INDEX($C$69:$N$69,H$3+$F$66),"") -> 7 | I75: =IF(I$3+$F$66<=12,INDEX($C$69:$N$69,I$3+$F$66),"") -> 7 | J75: =IF(J$3+$F$66<=12,INDEX($C$69:$N$69,J$3+$F$66),"") -> 9 | ... N75: =IF(N$3+$F$66<=12,INDEX($C$69:$N$69,N$3+$F$66),"")
A76: =$A$66 -> Outer Banks | B76: Orders placed this month | C76: =SUMIFS(Orders!$E$2:$E$2000,Orders!$C$2:$C$2000,$A66,Orders!$D$2:$D$2000,C$4) -> 0 | D76: =SUMIFS(Orders!$E$2:$E$2000,Orders!$C$2:$C$2000,$A66,Orders!$D$2:$D$2000,D$4) -> 0 | E76: =SUMIFS(Orders!$E$2:$E$2000,Orders!$C$2:$C$2000,$A66,Orders!$D$2:$D$2000,E$4) -> 0 | F76: =SUMIFS(Orders!$E$2:$E$2000,Orders!$C$2:$C$2000,$A66,Orders!$D$2:$D$2000,F$4) -> 0 | G76: =SUMIFS(Orders!$E$2:$E$2000,Orders!$C$2:$C$2000,$A66,Orders!$D$2:$D$2000,G$4) -> 0 | H76: =SUMIFS(Orders!$E$2:$E$2000,Orders!$C$2:$C$2000,$A66,Orders!$D$2:$D$2000,H$4) -> 0 | I76: =SUMIFS(Orders!$E$2:$E$2000,Orders!$C$2:$C$2000,$A66,Orders!$D$2:$D$2000,I$4) -> 0 | J76: =SUMIFS(Orders!$E$2:$E$2000,Orders!$C$2:$C$2000,$A66,Orders!$D$2:$D$2000,J$4) -> 0 | ... N76: =SUMIFS(Orders!$E$2:$E$2000,Orders!$C$2:$C$2000,$A66,Orders!$D$2:$D$2000,N$4) -> 0
A78: =INDEX(Settings!$B$2:$B$100,7) -> Badlands | B78: =INDEX(Settings!$A$2:$A$100,7)&" - "&A78 -> Bronco - Badlands | C78: Target | D78: =INDEX(Settings!$C$2:$C$100,MATCH($A78,Settings!$B$2:$B$100,0)) -> 2 | E78: Lead | F78: =INDEX(Settings!$D$2:$D$100,MATCH($A78,Settings!$B$2:$B$100,0)) -> 3
A79: =$A$78 -> Badlands | B79: Opening stock | C79: =SUMIFS('Opening Stock'!$D$2:$D$1000,'Opening Stock'!$B$2:$B$1000,$A78) -> 9 | D79: =C83 -> 12 | E79: =D83 -> 12 | F79: =E83 -> 17 | G79: =F83 -> 14 | H79: =G83 -> 13 | I79: =H83 -> 12 | J79: =I83 -> 12 | K79: =J83 -> 12 | ... N79: =M83 -> 15
A80: =$A$78 -> Badlands | B80: Arrivals (orders already placed) | C80: =SUMIFS(Orders!$E$2:$E$2000,Orders!$C$2:$C$2000,$A78,Orders!$H$2:$H$2000,C$4) -> 10 | D80: =SUMIFS(Orders!$E$2:$E$2000,Orders!$C$2:$C$2000,$A78,Orders!$H$2:$H$2000,D$4) -> 8 | E80: =SUMIFS(Orders!$E$2:$E$2000,Orders!$C$2:$C$2000,$A78,Orders!$H$2:$H$2000,E$4) -> 12 | F80: =SUMIFS(Orders!$E$2:$E$2000,Orders!$C$2:$C$2000,$A78,Orders!$H$2:$H$2000,F$4) -> 0 | G80: =SUMIFS(Orders!$E$2:$E$2000,Orders!$C$2:$C$2000,$A78,Orders!$H$2:$H$2000,G$4) -> 0 | H80: =SUMIFS(Orders!$E$2:$E$2000,Orders!$C$2:$C$2000,$A78,Orders!$H$2:$H$2000,H$4) -> 0 | I80: =SUMIFS(Orders!$E$2:$E$2000,Orders!$C$2:$C$2000,$A78,Orders!$H$2:$H$2000,I$4) -> 0 | J80: =SUMIFS(Orders!$E$2:$E$2000,Orders!$C$2:$C$2000,$A78,Orders!$H$2:$H$2000,J$4) -> 0 | ... N80: =SUMIFS(Orders!$E$2:$E$2000,Orders!$C$2:$C$2000,$A78,Orders!$H$2:$H$2000,N$4) -> 0
A81: =$A$78 -> Badlands | B81: Proposed arrivals (new orders) | C81: =IF(C$3<=$F$78,0,MAX(0,ROUNDUP(C85-(C79+C80-C82),0))) -> 0 | D81: =IF(D$3<=$F$78,0,MAX(0,ROUNDUP(D85-(D79+D80-D82),0))) -> 0 | E81: =IF(E$3<=$F$78,0,MAX(0,ROUNDUP(E85-(E79+E80-E82),0))) -> 0 | F81: =IF(F$3<=$F$78,0,MAX(0,ROUNDUP(F85-(F79+F80-F82),0))) -> 5 | G81: =IF(G$3<=$F$78,0,MAX(0,ROUNDUP(G85-(G79+G80-G82),0))) -> 7 | H81: =IF(H$3<=$F$78,0,MAX(0,ROUNDUP(H85-(H79+H80-H82),0))) -> 6 | I81: =IF(I$3<=$F$78,0,MAX(0,ROUNDUP(I85-(I79+I80-I82),0))) -> 6 | J81: =IF(J$3<=$F$78,0,MAX(0,ROUNDUP(J85-(J79+J80-J82),0))) -> 6 | ... N81: =IF(N$3<=$F$78,0,MAX(0,ROUNDUP(N85-(N79+N80-N82),0))) -> 7
A82: =$A$78 -> Badlands | B82: Sales (actual, else forecast) | C82: =IF(COUNTIFS(Sales!$B$2:$B$2000,$A78,Sales!$C$2:$C$2000,C$4,Sales!$E$2:$E$2000,"Actual")>0,SUMIFS(Sales!$D$2:$D$2000,Sales!$B$2:$B$2000,$A78,Sales!$C$2:$C$2000,C$4,Sales!$E$2:$E$2000,"Actual"),SUMIFS(Sales!$D$2:$D$2000,Sales!$B$2:$B$2000,$A78,Sales!$C$2:$C$2000,C$4,Sales!$E$2:$E$2000,"Forecast")) -> 7 | D82: =IF(COUNTIFS(Sales!$B$2:$B$2000,$A78,Sales!$C$2:$C$2000,D$4,Sales!$E$2:$E$2000,"Actual")>0,SUMIFS(Sales!$D$2:$D$2000,Sales!$B$2:$B$2000,$A78,Sales!$C$2:$C$2000,D$4,Sales!$E$2:$E$2000,"Actual"),SUMIFS(Sales!$D$2:$D$2000,Sales!$B$2:$B$2000,$A78,Sales!$C$2:$C$2000,D$4,Sales!$E$2:$E$2000,"Forecast")) -> 8 | E82: =IF(COUNTIFS(Sales!$B$2:$B$2000,$A78,Sales!$C$2:$C$2000,E$4,Sales!$E$2:$E$2000,"Actual")>0,SUMIFS(Sales!$D$2:$D$2000,Sales!$B$2:$B$2000,$A78,Sales!$C$2:$C$2000,E$4,Sales!$E$2:$E$2000,"Actual"),SUMIFS(Sales!$D$2:$D$2000,Sales!$B$2:$B$2000,$A78,Sales!$C$2:$C$2000,E$4,Sales!$E$2:$E$2000,"Forecast")) -> 7 | F82: =IF(COUNTIFS(Sales!$B$2:$B$2000,$A78,Sales!$C$2:$C$2000,F$4,Sales!$E$2:$E$2000,"Actual")>0,SUMIFS(Sales!$D$2:$D$2000,Sales!$B$2:$B$2000,$A78,Sales!$C$2:$C$2000,F$4,Sales!$E$2:$E$2000,"Actual"),SUMIFS(Sales!$D$2:$D$2000,Sales!$B$2:$B$2000,$A78,Sales!$C$2:$C$2000,F$4,Sales!$E$2:$E$2000,"Forecast")) -> 8 | G82: =IF(COUNTIFS(Sales!$B$2:$B$2000,$A78,Sales!$C$2:$C$2000,G$4,Sales!$E$2:$E$2000,"Actual")>0,SUMIFS(Sales!$D$2:$D$2000,Sales!$B$2:$B$2000,$A78,Sales!$C$2:$C$2000,G$4,Sales!$E$2:$E$2000,"Actual"),SUMIFS(Sales!$D$2:$D$2000,Sales!$B$2:$B$2000,$A78,Sales!$C$2:$C$2000,G$4,Sales!$E$2:$E$2000,"Forecast")) -> 8 | H82: =IF(COUNTIFS(Sales!$B$2:$B$2000,$A78,Sales!$C$2:$C$2000,H$4,Sales!$E$2:$E$2000,"Actual")>0,SUMIFS(Sales!$D$2:$D$2000,Sales!$B$2:$B$2000,$A78,Sales!$C$2:$C$2000,H$4,Sales!$E$2:$E$2000,"Actual"),SUMIFS(Sales!$D$2:$D$2000,Sales!$B$2:$B$2000,$A78,Sales!$C$2:$C$2000,H$4,Sales!$E$2:$E$2000,"Forecast")) -> 7 | I82: =IF(COUNTIFS(Sales!$B$2:$B$2000,$A78,Sales!$C$2:$C$2000,I$4,Sales!$E$2:$E$2000,"Actual")>0,SUMIFS(Sales!$D$2:$D$2000,Sales!$B$2:$B$2000,$A78,Sales!$C$2:$C$2000,I$4,Sales!$E$2:$E$2000,"Actual"),SUMIFS(Sales!$D$2:$D$2000,Sales!$B$2:$B$2000,$A78,Sales!$C$2:$C$2000,I$4,Sales!$E$2:$E$2000,"Forecast")) -> 6 | J82: =IF(COUNTIFS(Sales!$B$2:$B$2000,$A78,Sales!$C$2:$C$2000,J$4,Sales!$E$2:$E$2000,"Actual")>0,SUMIFS(Sales!$D$2:$D$2000,Sales!$B$2:$B$2000,$A78,Sales!$C$2:$C$2000,J$4,Sales!$E$2:$E$2000,"Actual"),SUMIFS(Sales!$D$2:$D$2000,Sales!$B$2:$B$2000,$A78,Sales!$C$2:$C$2000,J$4,Sales!$E$2:$E$2000,"Forecast")) -> 6 | ... Q82: =IF(COUNTIFS(Sales!$B$2:$B$2000,$A78,Sales!$C$2:$C$2000,Q$4,Sales!$E$2:$E$2000,"Actual")>0,SUMIFS(Sales!$D$2:$D$2000,Sales!$B$2:$B$2000,$A78,Sales!$C$2:$C$2000,Q$4,Sales!$E$2:$E$2000,"Actual"),SUMIFS(Sales!$D$2:$D$2000,Sales!$B$2:$B$2000,$A78,Sales!$C$2:$C$2000,Q$4,Sales!$E$2:$E$2000,"Forecast")) -> 7
A83: =$A$78 -> Badlands | B83: Closing stock | C83: =C79+C80+C81-C82 -> 12 | D83: =D79+D80+D81-D82 -> 12 | E83: =E79+E80+E81-E82 -> 17 | F83: =F79+F80+F81-F82 -> 14 | G83: =G79+G80+G81-G82 -> 13 | H83: =H79+H80+H81-H82 -> 12 | I83: =I79+I80+I81-I82 -> 12 | J83: =J79+J80+J81-J82 -> 12 | ... N83: =N79+N80+N81-N82 -> 15
A84: =$A$78 -> Badlands | B84: Avg sales, next 3 months | C84: =AVERAGE(D82:F82) -> 7.6666667 | D84: =AVERAGE(E82:G82) -> 7.6666667 | E84: =AVERAGE(F82:H82) -> 7.6666667 | F84: =AVERAGE(G82:I82) -> 7 | G84: =AVERAGE(H82:J82) -> 6.3333333 | H84: =AVERAGE(I82:K82) -> 5.6666667 | I84: =AVERAGE(J82:L82) -> 5.6666667 | J84: =AVERAGE(K82:M82) -> 6 | ... N84: =AVERAGE(O82:Q82) -> 7.3333333
A85: =$A$78 -> Badlands | B85: Target closing stock | C85: =$D$78*C84 -> 15.333333 | D85: =$D$78*D84 -> 15.333333 | E85: =$D$78*E84 -> 15.333333 | F85: =$D$78*F84 -> 14 | G85: =$D$78*G84 -> 12.666667 | H85: =$D$78*H84 -> 11.333333 | I85: =$D$78*I84 -> 11.333333 | J85: =$D$78*J84 -> 12 | ... N85: =$D$78*N84 -> 14.666667
A86: =$A$78 -> Badlands | B86: Stock cover (months) | C86: =IFERROR(C83/C84,"") -> 1.5652174 | D86: =IFERROR(D83/D84,"") -> 1.5652174 | E86: =IFERROR(E83/E84,"") -> 2.2173913 | F86: =IFERROR(F83/F84,"") -> 2 | G86: =IFERROR(G83/G84,"") -> 2.0526316 | H86: =IFERROR(H83/H84,"") -> 2.1176471 | I86: =IFERROR(I83/I84,"") -> 2.1176471 | J86: =IFERROR(J83/J84,"") -> 2 | ... N86: =IFERROR(N83/N84,"") -> 2.0454545
A87: =$A$78 -> Badlands | B87: Proposed order (place this month) | C87: =IF(C$3+$F$78<=12,INDEX($C$81:$N$81,C$3+$F$78),"") -> 5 | D87: =IF(D$3+$F$78<=12,INDEX($C$81:$N$81,D$3+$F$78),"") -> 7 | E87: =IF(E$3+$F$78<=12,INDEX($C$81:$N$81,E$3+$F$78),"") -> 6 | F87: =IF(F$3+$F$78<=12,INDEX($C$81:$N$81,F$3+$F$78),"") -> 6 | G87: =IF(G$3+$F$78<=12,INDEX($C$81:$N$81,G$3+$F$78),"") -> 6 | H87: =IF(H$3+$F$78<=12,INDEX($C$81:$N$81,H$3+$F$78),"") -> 7 | I87: =IF(I$3+$F$78<=12,INDEX($C$81:$N$81,I$3+$F$78),"") -> 6 | J87: =IF(J$3+$F$78<=12,INDEX($C$81:$N$81,J$3+$F$78),"") -> 8 | ... N87: =IF(N$3+$F$78<=12,INDEX($C$81:$N$81,N$3+$F$78),"")
A88: =$A$78 -> Badlands | B88: Orders placed this month | C88: =SUMIFS(Orders!$E$2:$E$2000,Orders!$C$2:$C$2000,$A78,Orders!$D$2:$D$2000,C$4) -> 0 | D88: =SUMIFS(Orders!$E$2:$E$2000,Orders!$C$2:$C$2000,$A78,Orders!$D$2:$D$2000,D$4) -> 0 | E88: =SUMIFS(Orders!$E$2:$E$2000,Orders!$C$2:$C$2000,$A78,Orders!$D$2:$D$2000,E$4) -> 0 | F88: =SUMIFS(Orders!$E$2:$E$2000,Orders!$C$2:$C$2000,$A78,Orders!$D$2:$D$2000,F$4) -> 0 | G88: =SUMIFS(Orders!$E$2:$E$2000,Orders!$C$2:$C$2000,$A78,Orders!$D$2:$D$2000,G$4) -> 0 | H88: =SUMIFS(Orders!$E$2:$E$2000,Orders!$C$2:$C$2000,$A78,Orders!$D$2:$D$2000,H$4) -> 0 | I88: =SUMIFS(Orders!$E$2:$E$2000,Orders!$C$2:$C$2000,$A78,Orders!$D$2:$D$2000,I$4) -> 0 | J88: =SUMIFS(Orders!$E$2:$E$2000,Orders!$C$2:$C$2000,$A78,Orders!$D$2:$D$2000,J$4) -> 0 | ... N88: =SUMIFS(Orders!$E$2:$E$2000,Orders!$C$2:$C$2000,$A78,Orders!$D$2:$D$2000,N$4) -> 0
A90: =INDEX(Settings!$B$2:$B$100,8) -> Wildtrak | B90: =INDEX(Settings!$A$2:$A$100,8)&" - "&A90 -> Bronco - Wildtrak | C90: Target | D90: =INDEX(Settings!$C$2:$C$100,MATCH($A90,Settings!$B$2:$B$100,0)) -> 2 | E90: Lead | F90: =INDEX(Settings!$D$2:$D$100,MATCH($A90,Settings!$B$2:$B$100,0)) -> 3
A91: =$A$90 -> Wildtrak | B91: Opening stock | C91: =SUMIFS('Opening Stock'!$D$2:$D$1000,'Opening Stock'!$B$2:$B$1000,$A90) -> 9 | D91: =C95 -> 9 | E91: =D95 -> 4 | F91: =E95 -> 4 | G91: =F95 -> 8 | H91: =G95 -> 9 | I91: =H95 -> 7 | J91: =I95 -> 6 | K91: =J95 -> 7 | ... N91: =M95 -> 9
A92: =$A$90 -> Wildtrak | B92: Arrivals (orders already placed) | C92: =SUMIFS(Orders!$E$2:$E$2000,Orders!$C$2:$C$2000,$A90,Orders!$H$2:$H$2000,C$4) -> 4 | D92: =SUMIFS(Orders!$E$2:$E$2000,Orders!$C$2:$C$2000,$A90,Orders!$H$2:$H$2000,D$4) -> 0 | E92: =SUMIFS(Orders!$E$2:$E$2000,Orders!$C$2:$C$2000,$A90,Orders!$H$2:$H$2000,E$4) -> 4 | F92: =SUMIFS(Orders!$E$2:$E$2000,Orders!$C$2:$C$2000,$A90,Orders!$H$2:$H$2000,F$4) -> 0 | G92: =SUMIFS(Orders!$E$2:$E$2000,Orders!$C$2:$C$2000,$A90,Orders!$H$2:$H$2000,G$4) -> 5 | H92: =SUMIFS(Orders!$E$2:$E$2000,Orders!$C$2:$C$2000,$A90,Orders!$H$2:$H$2000,H$4) -> 0 | I92: =SUMIFS(Orders!$E$2:$E$2000,Orders!$C$2:$C$2000,$A90,Orders!$H$2:$H$2000,I$4) -> 0 | J92: =SUMIFS(Orders!$E$2:$E$2000,Orders!$C$2:$C$2000,$A90,Orders!$H$2:$H$2000,J$4) -> 0 | ... N92: =SUMIFS(Orders!$E$2:$E$2000,Orders!$C$2:$C$2000,$A90,Orders!$H$2:$H$2000,N$4) -> 0
A93: =$A$90 -> Wildtrak | B93: Proposed arrivals (new orders) | C93: =IF(C$3<=$F$90,0,MAX(0,ROUNDUP(C97-(C91+C92-C94),0))) -> 0 | D93: =IF(D$3<=$F$90,0,MAX(0,ROUNDUP(D97-(D91+D92-D94),0))) -> 0 | E93: =IF(E$3<=$F$90,0,MAX(0,ROUNDUP(E97-(E91+E92-E94),0))) -> 0 | F93: =IF(F$3<=$F$90,0,MAX(0,ROUNDUP(F97-(F91+F92-F94),0))) -> 9 | G93: =IF(G$3<=$F$90,0,MAX(0,ROUNDUP(G97-(G91+G92-G94),0))) -> 0 | H93: =IF(H$3<=$F$90,0,MAX(0,ROUNDUP(H97-(H91+H92-H94),0))) -> 2 | I93: =IF(I$3<=$F$90,0,MAX(0,ROUNDUP(I97-(I91+I92-I94),0))) -> 3 | J93: =IF(J$3<=$F$90,0,MAX(0,ROUNDUP(J97-(J91+J92-J94),0))) -> 4 | ... N93: =IF(N$3<=$F$90,0,MAX(0,ROUNDUP(N97-(N91+N92-N94),0))) -> 4
A94: =$A$90 -> Wildtrak | B94: Sales (actual, else forecast) | C94: =IF(COUNTIFS(Sales!$B$2:$B$2000,$A90,Sales!$C$2:$C$2000,C$4,Sales!$E$2:$E$2000,"Actual")>0,SUMIFS(Sales!$D$2:$D$2000,Sales!$B$2:$B$2000,$A90,Sales!$C$2:$C$2000,C$4,Sales!$E$2:$E$2000,"Actual"),SUMIFS(Sales!$D$2:$D$2000,Sales!$B$2:$B$2000,$A90,Sales!$C$2:$C$2000,C$4,Sales!$E$2:$E$2000,"Forecast")) -> 4 | D94: =IF(COUNTIFS(Sales!$B$2:$B$2000,$A90,Sales!$C$2:$C$2000,D$4,Sales!$E$2:$E$2000,"Actual")>0,SUMIFS(Sales!$D$2:$D$2000,Sales!$B$2:$B$2000,$A90,Sales!$C$2:$C$2000,D$4,Sales!$E$2:$E$2000,"Actual"),SUMIFS(Sales!$D$2:$D$2000,Sales!$B$2:$B$2000,$A90,Sales!$C$2:$C$2000,D$4,Sales!$E$2:$E$2000,"Forecast")) -> 5 | E94: =IF(COUNTIFS(Sales!$B$2:$B$2000,$A90,Sales!$C$2:$C$2000,E$4,Sales!$E$2:$E$2000,"Actual")>0,SUMIFS(Sales!$D$2:$D$2000,Sales!$B$2:$B$2000,$A90,Sales!$C$2:$C$2000,E$4,Sales!$E$2:$E$2000,"Actual"),SUMIFS(Sales!$D$2:$D$2000,Sales!$B$2:$B$2000,$A90,Sales!$C$2:$C$2000,E$4,Sales!$E$2:$E$2000,"Forecast")) -> 4 | F94: =IF(COUNTIFS(Sales!$B$2:$B$2000,$A90,Sales!$C$2:$C$2000,F$4,Sales!$E$2:$E$2000,"Actual")>0,SUMIFS(Sales!$D$2:$D$2000,Sales!$B$2:$B$2000,$A90,Sales!$C$2:$C$2000,F$4,Sales!$E$2:$E$2000,"Actual"),SUMIFS(Sales!$D$2:$D$2000,Sales!$B$2:$B$2000,$A90,Sales!$C$2:$C$2000,F$4,Sales!$E$2:$E$2000,"Forecast")) -> 5 | G94: =IF(COUNTIFS(Sales!$B$2:$B$2000,$A90,Sales!$C$2:$C$2000,G$4,Sales!$E$2:$E$2000,"Actual")>0,SUMIFS(Sales!$D$2:$D$2000,Sales!$B$2:$B$2000,$A90,Sales!$C$2:$C$2000,G$4,Sales!$E$2:$E$2000,"Actual"),SUMIFS(Sales!$D$2:$D$2000,Sales!$B$2:$B$2000,$A90,Sales!$C$2:$C$2000,G$4,Sales!$E$2:$E$2000,"Forecast")) -> 4 | H94: =IF(COUNTIFS(Sales!$B$2:$B$2000,$A90,Sales!$C$2:$C$2000,H$4,Sales!$E$2:$E$2000,"Actual")>0,SUMIFS(Sales!$D$2:$D$2000,Sales!$B$2:$B$2000,$A90,Sales!$C$2:$C$2000,H$4,Sales!$E$2:$E$2000,"Actual"),SUMIFS(Sales!$D$2:$D$2000,Sales!$B$2:$B$2000,$A90,Sales!$C$2:$C$2000,H$4,Sales!$E$2:$E$2000,"Forecast")) -> 4 | I94: =IF(COUNTIFS(Sales!$B$2:$B$2000,$A90,Sales!$C$2:$C$2000,I$4,Sales!$E$2:$E$2000,"Actual")>0,SUMIFS(Sales!$D$2:$D$2000,Sales!$B$2:$B$2000,$A90,Sales!$C$2:$C$2000,I$4,Sales!$E$2:$E$2000,"Actual"),SUMIFS(Sales!$D$2:$D$2000,Sales!$B$2:$B$2000,$A90,Sales!$C$2:$C$2000,I$4,Sales!$E$2:$E$2000,"Forecast")) -> 4 | J94: =IF(COUNTIFS(Sales!$B$2:$B$2000,$A90,Sales!$C$2:$C$2000,J$4,Sales!$E$2:$E$2000,"Actual")>0,SUMIFS(Sales!$D$2:$D$2000,Sales!$B$2:$B$2000,$A90,Sales!$C$2:$C$2000,J$4,Sales!$E$2:$E$2000,"Actual"),SUMIFS(Sales!$D$2:$D$2000,Sales!$B$2:$B$2000,$A90,Sales!$C$2:$C$2000,J$4,Sales!$E$2:$E$2000,"Forecast")) -> 3 | ... Q94: =IF(COUNTIFS(Sales!$B$2:$B$2000,$A90,Sales!$C$2:$C$2000,Q$4,Sales!$E$2:$E$2000,"Actual")>0,SUMIFS(Sales!$D$2:$D$2000,Sales!$B$2:$B$2000,$A90,Sales!$C$2:$C$2000,Q$4,Sales!$E$2:$E$2000,"Actual"),SUMIFS(Sales!$D$2:$D$2000,Sales!$B$2:$B$2000,$A90,Sales!$C$2:$C$2000,Q$4,Sales!$E$2:$E$2000,"Forecast")) -> 4
A95: =$A$90 -> Wildtrak | B95: Closing stock | C95: =C91+C92+C93-C94 -> 9 | D95: =D91+D92+D93-D94 -> 4 | E95: =E91+E92+E93-E94 -> 4 | F95: =F91+F92+F93-F94 -> 8 | G95: =G91+G92+G93-G94 -> 9 | H95: =H91+H92+H93-H94 -> 7 | I95: =I91+I92+I93-I94 -> 6 | J95: =J91+J92+J93-J94 -> 7 | ... N95: =N91+N92+N93-N94 -> 9
A96: =$A$90 -> Wildtrak | B96: Avg sales, next 3 months | C96: =AVERAGE(D94:F94) -> 4.6666667 | D96: =AVERAGE(E94:G94) -> 4.3333333 | E96: =AVERAGE(F94:H94) -> 4.3333333 | F96: =AVERAGE(G94:I94) -> 4 | G96: =AVERAGE(H94:J94) -> 3.6666667 | H96: =AVERAGE(I94:K94) -> 3.3333333 | I96: =AVERAGE(J94:L94) -> 3 | J96: =AVERAGE(K94:M94) -> 3.3333333 | ... N96: =AVERAGE(O94:Q94) -> 4.3333333
A97: =$A$90 -> Wildtrak | B97: Target closing stock | C97: =$D$90*C96 -> 9.3333333 | D97: =$D$90*D96 -> 8.6666667 | E97: =$D$90*E96 -> 8.6666667 | F97: =$D$90*F96 -> 8 | G97: =$D$90*G96 -> 7.3333333 | H97: =$D$90*H96 -> 6.6666667 | I97: =$D$90*I96 -> 6 | J97: =$D$90*J96 -> 6.6666667 | ... N97: =$D$90*N96 -> 8.6666667
A98: =$A$90 -> Wildtrak | B98: Stock cover (months) | C98: =IFERROR(C95/C96,"") -> 1.9285714 | D98: =IFERROR(D95/D96,"") -> 0.92307692 | E98: =IFERROR(E95/E96,"") -> 0.92307692 | F98: =IFERROR(F95/F96,"") -> 2 | G98: =IFERROR(G95/G96,"") -> 2.4545455 | H98: =IFERROR(H95/H96,"") -> 2.1 | I98: =IFERROR(I95/I96,"") -> 2 | J98: =IFERROR(J95/J96,"") -> 2.1 | ... N98: =IFERROR(N95/N96,"") -> 2.0769231
A99: =$A$90 -> Wildtrak | B99: Proposed order (place this month) | C99: =IF(C$3+$F$90<=12,INDEX($C$93:$N$93,C$3+$F$90),"") -> 9 | D99: =IF(D$3+$F$90<=12,INDEX($C$93:$N$93,D$3+$F$90),"") -> 0 | E99: =IF(E$3+$F$90<=12,INDEX($C$93:$N$93,E$3+$F$90),"") -> 2 | F99: =IF(F$3+$F$90<=12,INDEX($C$93:$N$93,F$3+$F$90),"") -> 3 | G99: =IF(G$3+$F$90<=12,INDEX($C$93:$N$93,G$3+$F$90),"") -> 4 | H99: =IF(H$3+$F$90<=12,INDEX($C$93:$N$93,H$3+$F$90),"") -> 4 | I99: =IF(I$3+$F$90<=12,INDEX($C$93:$N$93,I$3+$F$90),"") -> 3 | J99: =IF(J$3+$F$90<=12,INDEX($C$93:$N$93,J$3+$F$90),"") -> 5 | ... N99: =IF(N$3+$F$90<=12,INDEX($C$93:$N$93,N$3+$F$90),"")
A100: =$A$90 -> Wildtrak | B100: Orders placed this month | C100: =SUMIFS(Orders!$E$2:$E$2000,Orders!$C$2:$C$2000,$A90,Orders!$D$2:$D$2000,C$4) -> 0 | D100: =SUMIFS(Orders!$E$2:$E$2000,Orders!$C$2:$C$2000,$A90,Orders!$D$2:$D$2000,D$4) -> 0 | E100: =SUMIFS(Orders!$E$2:$E$2000,Orders!$C$2:$C$2000,$A90,Orders!$D$2:$D$2000,E$4) -> 0 | F100: =SUMIFS(Orders!$E$2:$E$2000,Orders!$C$2:$C$2000,$A90,Orders!$D$2:$D$2000,F$4) -> 0 | G100: =SUMIFS(Orders!$E$2:$E$2000,Orders!$C$2:$C$2000,$A90,Orders!$D$2:$D$2000,G$4) -> 0 | H100: =SUMIFS(Orders!$E$2:$E$2000,Orders!$C$2:$C$2000,$A90,Orders!$D$2:$D$2000,H$4) -> 0 | I100: =SUMIFS(Orders!$E$2:$E$2000,Orders!$C$2:$C$2000,$A90,Orders!$D$2:$D$2000,I$4) -> 0 | J100: =SUMIFS(Orders!$E$2:$E$2000,Orders!$C$2:$C$2000,$A90,Orders!$D$2:$D$2000,J$4) -> 0 | ... N100: =SUMIFS(Orders!$E$2:$E$2000,Orders!$C$2:$C$2000,$A90,Orders!$D$2:$D$2000,N$4) -> 0
